userId,attractionId,interactionType,timestamp
4b4d5711-5539-44ef-a4fc-5c55f5d8be37,King's Palace,view,2024-02-07T12:24:11
4b4d5711-5539-44ef-a4fc-5c55f5d8be37,Nyandungu park,view,2024-03-22T15:03:11
4b4d5711-5539-44ef-a4fc-5c55f5d8be37,Kigali Memorial Site,view,2024-01-28T11:55:35
4b4d5711-5539-44ef-a4fc-5c55f5d8be37,Cathedral,view,2024-04-06T14:57:35
4b4d5711-5539-44ef-a4fc-5c55f5d8be37,Volcanoes NP (Gorilla trekking),view,2024-06-18T15:00:44
4b4d5711-5539-44ef-a4fc-5c55f5d8be37,Amahoro Stadium,view,2024-04-06T00:06:43
4b4d5711-5539-44ef-a4fc-5c55f5d8be37,Amahoro Stadium,view,2024-03-19T03:26:57
4b4d5711-5539-44ef-a4fc-5c55f5d8be37,Cricket - Gahanga,view,2024-07-01T14:06:52
4b4d5711-5539-44ef-a4fc-5c55f5d8be37,Cathedral,view,2024-02-17T16:12:26
4b4d5711-5539-44ef-a4fc-5c55f5d8be37,Nyandungu park,view,2024-03-21T22:58:09
5f416fdf-ebf5-4dc1-903b-8bed93cc4e65,Ethnographic Museum,view,2024-03-05T07:55:49
5f416fdf-ebf5-4dc1-903b-8bed93cc4e65,Cathedral,view,2024-03-05T08:15:09
5f416fdf-ebf5-4dc1-903b-8bed93cc4e65,Nyungwe NP,view,2024-02-19T10:26:36
5f416fdf-ebf5-4dc1-903b-8bed93cc4e65,Fazendha,view,2024-01-01T09:52:43
5f416fdf-ebf5-4dc1-903b-8bed93cc4e65,Gishwati,view,2024-02-07T22:24:21
5f416fdf-ebf5-4dc1-903b-8bed93cc4e65,Twin Lakes,view,2024-04-27T12:01:08
5f416fdf-ebf5-4dc1-903b-8bed93cc4e65,Parliament,view,2024-05-26T19:24:43
5f416fdf-ebf5-4dc1-903b-8bed93cc4e65,Kigali Memorial Site,view,2024-05-21T18:56:30
5f416fdf-ebf5-4dc1-903b-8bed93cc4e65,Fazendha,view,2024-04-10T01:42:06
5f416fdf-ebf5-4dc1-903b-8bed93cc4e65,BK Arena,view,2024-01-19T13:47:38
008f8bd7-7f01-49c0-94b8-ce12c681999f,Amahoro Stadium,view,2024-05-24T17:55:50
008f8bd7-7f01-49c0-94b8-ce12c681999f,Ibere rya bigogwe,view,2024-01-29T02:52:59
008f8bd7-7f01-49c0-94b8-ce12c681999f,Kibeho,view,2024-06-11T03:50:11
008f8bd7-7f01-49c0-94b8-ce12c681999f,Kigali Memorial Site,view,2024-03-24T17:47:48
008f8bd7-7f01-49c0-94b8-ce12c681999f,Nyungwe NP,view,2024-03-30T23:20:49
008f8bd7-7f01-49c0-94b8-ce12c681999f,BK Arena,view,2024-04-12T00:43:12
008f8bd7-7f01-49c0-94b8-ce12c681999f,Kitabi eco center,view,2024-07-07T14:41:13
008f8bd7-7f01-49c0-94b8-ce12c681999f,King's Palace,view,2024-06-21T08:29:42
008f8bd7-7f01-49c0-94b8-ce12c681999f,Kitabi eco center,view,2024-01-22T01:39:36
008f8bd7-7f01-49c0-94b8-ce12c681999f,Nyungwe NP,view,2024-04-13T13:18:51
65940831-b7f1-4c07-bc5e-14cf8eff007d,Twin Lakes,view,2024-06-28T00:59:12
65940831-b7f1-4c07-bc5e-14cf8eff007d,Amahoro Stadium,view,2024-03-08T08:31:27
65940831-b7f1-4c07-bc5e-14cf8eff007d,Lake Kivu,view,2024-05-27T02:07:41
65940831-b7f1-4c07-bc5e-14cf8eff007d,Gishwati,view,2024-01-19T02:44:28
65940831-b7f1-4c07-bc5e-14cf8eff007d,Volcanoes NP (Gorilla trekking),view,2024-02-25T03:51:06
65940831-b7f1-4c07-bc5e-14cf8eff007d,Rusumo waterfalls,view,2024-04-13T13:34:37
65940831-b7f1-4c07-bc5e-14cf8eff007d,Imigongo art centre,view,2024-05-13T20:36:15
65940831-b7f1-4c07-bc5e-14cf8eff007d,Kigali Memorial Site,view,2024-04-19T10:10:14
65940831-b7f1-4c07-bc5e-14cf8eff007d,Akagera NP,view,2024-01-09T14:41:12
65940831-b7f1-4c07-bc5e-14cf8eff007d,Rusumo waterfalls,view,2024-04-27T01:00:36
543114ec-f3c9-4706-8cb3-a48efa014a63,Kigali Convetion center,view,2024-04-16T05:17:18
543114ec-f3c9-4706-8cb3-a48efa014a63,Kitabi eco center,view,2024-05-12T10:43:42
543114ec-f3c9-4706-8cb3-a48efa014a63,Twin Lakes,view,2024-06-01T16:19:17
543114ec-f3c9-4706-8cb3-a48efa014a63,Karisoke Research Center - Dian Fossey Camp,view,2024-01-22T23:17:04
543114ec-f3c9-4706-8cb3-a48efa014a63,Volcanoes NP (Gorilla trekking),view,2024-06-23T12:25:08
543114ec-f3c9-4706-8cb3-a48efa014a63,Cricket - Gahanga,view,2024-02-08T21:48:05
543114ec-f3c9-4706-8cb3-a48efa014a63,BK Arena,view,2024-02-19T03:33:44
543114ec-f3c9-4706-8cb3-a48efa014a63,Akagera NP,view,2024-05-19T06:47:13
543114ec-f3c9-4706-8cb3-a48efa014a63,Karisoke Research Center - Dian Fossey Camp,view,2024-07-17T06:24:16
543114ec-f3c9-4706-8cb3-a48efa014a63,Nyandungu park,view,2024-01-30T21:33:15
ca9299d3-928e-4ae6-b85d-0aec90f79b42,Fazendha,view,2024-04-06T05:14:15
ca9299d3-928e-4ae6-b85d-0aec90f79b42,Underground caves,view,2024-05-22T10:19:29
ca9299d3-928e-4ae6-b85d-0aec90f79b42,Nyandungu park,view,2024-04-30T23:07:02
ca9299d3-928e-4ae6-b85d-0aec90f79b42,Ellen DeGeneres Campus of the Dian Fossey Gorilla Fund,view,2024-06-22T09:13:02
ca9299d3-928e-4ae6-b85d-0aec90f79b42,Imigongo art centre,view,2024-02-13T00:44:05
ca9299d3-928e-4ae6-b85d-0aec90f79b42,Ellen DeGeneres Campus of the Dian Fossey Gorilla Fund,view,2024-05-06T17:10:54
ca9299d3-928e-4ae6-b85d-0aec90f79b42,Kibeho,view,2024-02-06T05:05:28
ca9299d3-928e-4ae6-b85d-0aec90f79b42,Volcanoes NP (Gorilla trekking),view,2024-07-01T04:26:59
ca9299d3-928e-4ae6-b85d-0aec90f79b42,Rusumo waterfalls,view,2024-06-14T22:58:15
ca9299d3-928e-4ae6-b85d-0aec90f79b42,Parliament,view,2024-02-19T17:43:29
3ab2d544-4d1b-4c50-9769-5c9708973164,Cathedral,view,2024-01-25T04:28:52
3ab2d544-4d1b-4c50-9769-5c9708973164,Lake Kivu,view,2024-05-11T05:29:23
3ab2d544-4d1b-4c50-9769-5c9708973164,Nyungwe NP,view,2024-04-20T19:28:32
3ab2d544-4d1b-4c50-9769-5c9708973164,Nyandungu park,view,2024-05-30T18:50:27
3ab2d544-4d1b-4c50-9769-5c9708973164,Underground caves,view,2024-02-08T10:37:32
3ab2d544-4d1b-4c50-9769-5c9708973164,Fazendha,view,2024-05-10T05:30:27
3ab2d544-4d1b-4c50-9769-5c9708973164,Nyungwe NP,view,2024-02-27T23:12:08
3ab2d544-4d1b-4c50-9769-5c9708973164,Hiking Mt Bisoke,view,2024-01-01T16:52:33
3ab2d544-4d1b-4c50-9769-5c9708973164,Royal balloon,view,2024-01-25T11:06:25
3ab2d544-4d1b-4c50-9769-5c9708973164,King's Palace,view,2024-02-03T18:35:49
d684d9f4-d7d9-4ee3-b4c0-27ab700c839c,Kibeho,view,2024-05-19T22:41:49
d684d9f4-d7d9-4ee3-b4c0-27ab700c839c,Imigongo art centre,view,2024-01-23T06:13:47
d684d9f4-d7d9-4ee3-b4c0-27ab700c839c,Ellen DeGeneres Campus of the Dian Fossey Gorilla Fund,view,2024-03-09T02:43:34
d684d9f4-d7d9-4ee3-b4c0-27ab700c839c,Gishwati,view,2024-05-22T09:40:51
d684d9f4-d7d9-4ee3-b4c0-27ab700c839c,BK Arena,view,2024-04-17T22:02:03
d684d9f4-d7d9-4ee3-b4c0-27ab700c839c,Kitabi eco center,view,2024-07-06T22:08:50
d684d9f4-d7d9-4ee3-b4c0-27ab700c839c,Fazendha,view,2024-03-08T22:02:50
d684d9f4-d7d9-4ee3-b4c0-27ab700c839c,Parliament,view,2024-02-11T18:21:19
d684d9f4-d7d9-4ee3-b4c0-27ab700c839c,Ethnographic Museum,view,2024-06-08T17:01:52
d684d9f4-d7d9-4ee3-b4c0-27ab700c839c,Amahoro Stadium,view,2024-02-25T21:52:58
54024c3a-2951-464b-a060-063d902e0d73,Akagera NP,view,2024-04-05T13:24:45
54024c3a-2951-464b-a060-063d902e0d73,Hiking Mt Bisoke,view,2024-04-23T12:34:03
54024c3a-2951-464b-a060-063d902e0d73,Fazendha,view,2024-07-08T04:44:16
54024c3a-2951-464b-a060-063d902e0d73,Imigongo art centre,view,2024-01-19T14:17:08
54024c3a-2951-464b-a060-063d902e0d73,Amahoro Stadium,view,2024-06-05T10:26:30
54024c3a-2951-464b-a060-063d902e0d73,Imigongo art centre,view,2024-01-30T13:03:50
54024c3a-2951-464b-a060-063d902e0d73,Nyandungu park,view,2024-06-19T05:13:30
54024c3a-2951-464b-a060-063d902e0d73,Underground caves,view,2024-03-30T02:48:10
54024c3a-2951-464b-a060-063d902e0d73,Volcanoes NP (Gorilla trekking),view,2024-01-18T22:02:36
54024c3a-2951-464b-a060-063d902e0d73,Lake Kivu,view,2024-05-17T12:04:47
7c4b385a-95db-4b80-83d7-1c0225ffc6c0,King's Palace,view,2024-05-28T07:45:33
7c4b385a-95db-4b80-83d7-1c0225ffc6c0,Royal balloon,view,2024-04-03T03:08:40
7c4b385a-95db-4b80-83d7-1c0225ffc6c0,Ellen DeGeneres Campus of the Dian Fossey Gorilla Fund,view,2024-02-08T01:00:27
7c4b385a-95db-4b80-83d7-1c0225ffc6c0,Kigali Convetion center,view,2024-03-16T15:55:47
7c4b385a-95db-4b80-83d7-1c0225ffc6c0,Ellen DeGeneres Campus of the Dian Fossey Gorilla Fund,view,2024-01-13T11:30:10
7c4b385a-95db-4b80-83d7-1c0225ffc6c0,Ellen DeGeneres Campus of the Dian Fossey Gorilla Fund,view,2024-04-12T01:25:24
7c4b385a-95db-4b80-83d7-1c0225ffc6c0,BK Arena,view,2024-01-06T11:18:20
7c4b385a-95db-4b80-83d7-1c0225ffc6c0,Ethnographic Museum,view,2024-06-23T03:55:13
7c4b385a-95db-4b80-83d7-1c0225ffc6c0,Volcanoes NP (Gorilla trekking),view,2024-06-06T04:01:16
7c4b385a-95db-4b80-83d7-1c0225ffc6c0,Kitabi eco center,view,2024-01-23T04:06:52
ac3f25df-5a75-49dd-979a-ba8884f735bb,Ethnographic Museum,view,2024-03-09T01:54:39
ac3f25df-5a75-49dd-979a-ba8884f735bb,King's Palace,view,2024-06-17T21:35:33
ac3f25df-5a75-49dd-979a-ba8884f735bb,Fazendha,view,2024-05-11T10:57:19
ac3f25df-5a75-49dd-979a-ba8884f735bb,Kibeho,view,2024-02-05T20:18:56
ac3f25df-5a75-49dd-979a-ba8884f735bb,King's Palace,view,2024-01-21T00:35:00
ac3f25df-5a75-49dd-979a-ba8884f735bb,Kigali Convetion center,view,2024-01-23T13:04:32
ac3f25df-5a75-49dd-979a-ba8884f735bb,Nyungwe NP,view,2024-06-01T04:19:09
ac3f25df-5a75-49dd-979a-ba8884f735bb,Cathedral,view,2024-01-18T06:21:02
ac3f25df-5a75-49dd-979a-ba8884f735bb,Amahoro Stadium,view,2024-03-28T10:12:07
ac3f25df-5a75-49dd-979a-ba8884f735bb,Kigali Convetion center,view,2024-06-01T19:18:44
e4dc3677-53f1-40b3-a489-c1c772bffbb5,Lake Kivu,view,2024-02-11T01:42:39
e4dc3677-53f1-40b3-a489-c1c772bffbb5,Underground caves,view,2024-02-04T03:42:37
e4dc3677-53f1-40b3-a489-c1c772bffbb5,Volcanoes NP (Gorilla trekking),view,2024-04-19T01:02:38
e4dc3677-53f1-40b3-a489-c1c772bffbb5,King's Palace,view,2024-04-17T13:59:40
e4dc3677-53f1-40b3-a489-c1c772bffbb5,Kitabi eco center,view,2024-06-08T16:27:52
e4dc3677-53f1-40b3-a489-c1c772bffbb5,Nyungwe NP,view,2024-03-11T00:53:57
e4dc3677-53f1-40b3-a489-c1c772bffbb5,Amahoro Stadium,view,2024-01-26T15:51:47
e4dc3677-53f1-40b3-a489-c1c772bffbb5,Ethnographic Museum,view,2024-05-13T18:36:00
e4dc3677-53f1-40b3-a489-c1c772bffbb5,Karisoke Research Center - Dian Fossey Camp,view,2024-02-23T01:21:17
e4dc3677-53f1-40b3-a489-c1c772bffbb5,Royal balloon,view,2024-01-07T07:20:00
d822defc-baaf-4a9b-b4d6-20a5c67b881c,Akagera NP,view,2024-04-07T09:11:32
d822defc-baaf-4a9b-b4d6-20a5c67b881c,Akagera NP,view,2024-02-01T05:50:03
d822defc-baaf-4a9b-b4d6-20a5c67b881c,Parliament,view,2024-05-04T23:25:27
d822defc-baaf-4a9b-b4d6-20a5c67b881c,Amahoro Stadium,view,2024-07-11T21:51:13
d822defc-baaf-4a9b-b4d6-20a5c67b881c,Royal balloon,view,2024-04-07T17:14:53
d822defc-baaf-4a9b-b4d6-20a5c67b881c,Parliament,view,2024-03-30T14:53:39
d822defc-baaf-4a9b-b4d6-20a5c67b881c,Rusumo waterfalls,view,2024-02-17T02:55:41
d822defc-baaf-4a9b-b4d6-20a5c67b881c,Karisoke Research Center - Dian Fossey Camp,view,2024-06-14T03:10:12
d822defc-baaf-4a9b-b4d6-20a5c67b881c,Underground caves,view,2024-02-13T06:24:40
d822defc-baaf-4a9b-b4d6-20a5c67b881c,Volcanoes NP (Gorilla trekking),view,2024-02-13T14:22:22
80a89ccf-0c98-4360-a892-59438af08b43,Fazendha,view,2024-03-09T06:29:49
80a89ccf-0c98-4360-a892-59438af08b43,BK Arena,view,2024-05-24T11:08:28
80a89ccf-0c98-4360-a892-59438af08b43,Gishwati,view,2024-01-22T17:50:28
80a89ccf-0c98-4360-a892-59438af08b43,Kitabi eco center,view,2024-06-11T17:10:21
80a89ccf-0c98-4360-a892-59438af08b43,Karisoke Research Center - Dian Fossey Camp,view,2024-02-06T13:54:52
80a89ccf-0c98-4360-a892-59438af08b43,BK Arena,view,2024-05-26T17:44:02
80a89ccf-0c98-4360-a892-59438af08b43,King's Palace,view,2024-04-13T08:17:17
80a89ccf-0c98-4360-a892-59438af08b43,Amashyuza hot springs,view,2024-07-11T00:37:14
80a89ccf-0c98-4360-a892-59438af08b43,Underground caves,view,2024-07-05T14:50:40
80a89ccf-0c98-4360-a892-59438af08b43,King's Palace,view,2024-03-18T11:39:42
585a7052-8f47-4a1b-bfd8-8970c0414a9f,Lake Kivu,view,2024-01-02T20:23:30
585a7052-8f47-4a1b-bfd8-8970c0414a9f,Cricket - Gahanga,view,2024-07-13T10:55:19
585a7052-8f47-4a1b-bfd8-8970c0414a9f,Volcanoes NP (Gorilla trekking),view,2024-01-10T23:55:04
585a7052-8f47-4a1b-bfd8-8970c0414a9f,Cricket - Gahanga,view,2024-06-27T03:09:20
585a7052-8f47-4a1b-bfd8-8970c0414a9f,Amahoro Stadium,view,2024-04-24T15:04:29
585a7052-8f47-4a1b-bfd8-8970c0414a9f,Cathedral,view,2024-02-25T20:50:15
585a7052-8f47-4a1b-bfd8-8970c0414a9f,Nyungwe NP,view,2024-03-20T08:11:57
585a7052-8f47-4a1b-bfd8-8970c0414a9f,Nyungwe NP,view,2024-07-13T18:59:19
585a7052-8f47-4a1b-bfd8-8970c0414a9f,Volcanoes NP (Gorilla trekking),view,2024-05-22T23:16:43
585a7052-8f47-4a1b-bfd8-8970c0414a9f,Cathedral,view,2024-04-02T22:31:15
4a7d3fee-11ba-4847-94ad-81d13ada90c7,Gishwati,view,2024-06-14T20:52:11
4a7d3fee-11ba-4847-94ad-81d13ada90c7,Twin Lakes,view,2024-01-31T22:51:42
4a7d3fee-11ba-4847-94ad-81d13ada90c7,Gishwati,view,2024-03-21T03:18:13
4a7d3fee-11ba-4847-94ad-81d13ada90c7,Underground caves,view,2024-03-21T05:40:52
4a7d3fee-11ba-4847-94ad-81d13ada90c7,Ellen DeGeneres Campus of the Dian Fossey Gorilla Fund,view,2024-01-19T08:01:07
4a7d3fee-11ba-4847-94ad-81d13ada90c7,Amahoro Stadium,view,2024-05-27T07:11:22
4a7d3fee-11ba-4847-94ad-81d13ada90c7,Cricket - Gahanga,view,2024-01-14T03:44:06
4a7d3fee-11ba-4847-94ad-81d13ada90c7,Ibere rya bigogwe,view,2024-06-12T02:07:30
4a7d3fee-11ba-4847-94ad-81d13ada90c7,Amashyuza hot springs,view,2024-07-08T20:11:50
4a7d3fee-11ba-4847-94ad-81d13ada90c7,Fazendha,view,2024-05-15T18:47:59
da19dedc-aeba-42f5-9af2-53743da6bad6,Akagera NP,view,2024-04-29T23:52:34
da19dedc-aeba-42f5-9af2-53743da6bad6,Parliament,view,2024-07-12T18:11:19
da19dedc-aeba-42f5-9af2-53743da6bad6,Imigongo art centre,view,2024-07-16T09:54:09
da19dedc-aeba-42f5-9af2-53743da6bad6,Nyandungu park,view,2024-02-10T11:29:07
da19dedc-aeba-42f5-9af2-53743da6bad6,Cricket - Gahanga,view,2024-04-20T09:33:41
da19dedc-aeba-42f5-9af2-53743da6bad6,King's Palace,view,2024-06-16T02:54:05
da19dedc-aeba-42f5-9af2-53743da6bad6,Kigali Convetion center,view,2024-01-25T08:42:21
da19dedc-aeba-42f5-9af2-53743da6bad6,Rusumo waterfalls,view,2024-02-27T07:53:55
da19dedc-aeba-42f5-9af2-53743da6bad6,Ethnographic Museum,view,2024-06-23T05:37:51
da19dedc-aeba-42f5-9af2-53743da6bad6,Twin Lakes,view,2024-02-21T20:04:22
e4374e5f-6258-4f0a-bafd-509696a615df,Kibeho,view,2024-06-21T02:17:48
e4374e5f-6258-4f0a-bafd-509696a615df,Fazendha,view,2024-04-13T00:27:43
e4374e5f-6258-4f0a-bafd-509696a615df,Underground caves,view,2024-01-06T05:57:49
e4374e5f-6258-4f0a-bafd-509696a615df,Underground caves,view,2024-07-08T17:15:47
e4374e5f-6258-4f0a-bafd-509696a615df,Kibeho,view,2024-02-21T13:58:00
e4374e5f-6258-4f0a-bafd-509696a615df,Lake Kivu,view,2024-06-14T17:08:31
e4374e5f-6258-4f0a-bafd-509696a615df,Ibere rya bigogwe,view,2024-06-22T03:14:31
e4374e5f-6258-4f0a-bafd-509696a615df,Volcanoes NP (Gorilla trekking),view,2024-03-31T17:21:47
e4374e5f-6258-4f0a-bafd-509696a615df,Nyungwe NP,view,2024-03-31T22:31:58
e4374e5f-6258-4f0a-bafd-509696a615df,Imigongo art centre,view,2024-01-07T01:19:28
62e8a431-1853-4762-a4f5-6303c780c3d6,Kigali Memorial Site,view,2024-03-19T11:35:51
62e8a431-1853-4762-a4f5-6303c780c3d6,Ethnographic Museum,view,2024-05-02T05:49:13
62e8a431-1853-4762-a4f5-6303c780c3d6,Cathedral,view,2024-05-16T18:03:38
62e8a431-1853-4762-a4f5-6303c780c3d6,Nyandungu park,view,2024-06-13T22:02:11
62e8a431-1853-4762-a4f5-6303c780c3d6,Ethnographic Museum,view,2024-04-23T02:42:22
62e8a431-1853-4762-a4f5-6303c780c3d6,Nyungwe NP,view,2024-05-07T14:00:34
62e8a431-1853-4762-a4f5-6303c780c3d6,Akagera NP,view,2024-07-04T16:47:02
62e8a431-1853-4762-a4f5-6303c780c3d6,Volcanoes NP (Gorilla trekking),view,2024-02-20T09:22:55
62e8a431-1853-4762-a4f5-6303c780c3d6,Akagera NP,view,2024-06-10T15:01:56
62e8a431-1853-4762-a4f5-6303c780c3d6,King's Palace,view,2024-06-01T13:32:32
cd526b3e-c8c1-4f3e-aa93-447594296c0b,Karisoke Research Center - Dian Fossey Camp,view,2024-03-29T11:12:19
cd526b3e-c8c1-4f3e-aa93-447594296c0b,Nyandungu park,view,2024-04-01T17:12:38
cd526b3e-c8c1-4f3e-aa93-447594296c0b,Hiking Mt Bisoke,view,2024-01-28T13:19:25
cd526b3e-c8c1-4f3e-aa93-447594296c0b,Twin Lakes,view,2024-01-11T17:03:13
cd526b3e-c8c1-4f3e-aa93-447594296c0b,Kigali Convetion center,view,2024-05-08T20:32:04
cd526b3e-c8c1-4f3e-aa93-447594296c0b,Lake Kivu,view,2024-03-26T17:00:39
cd526b3e-c8c1-4f3e-aa93-447594296c0b,Kigali Memorial Site,view,2024-05-07T01:14:25
cd526b3e-c8c1-4f3e-aa93-447594296c0b,Cathedral,view,2024-04-30T07:50:39
cd526b3e-c8c1-4f3e-aa93-447594296c0b,Cathedral,view,2024-01-01T16:33:07
cd526b3e-c8c1-4f3e-aa93-447594296c0b,Volcanoes NP (Gorilla trekking),view,2024-05-22T11:20:41
c213cf0a-f350-4dd2-96bd-36aeb9931b6a,Ibere rya bigogwe,view,2024-06-24T08:09:55
c213cf0a-f350-4dd2-96bd-36aeb9931b6a,Akagera NP,view,2024-03-18T18:38:16
c213cf0a-f350-4dd2-96bd-36aeb9931b6a,Kigali Convetion center,view,2024-03-04T22:05:27
c213cf0a-f350-4dd2-96bd-36aeb9931b6a,Ibere rya bigogwe,view,2024-04-08T15:22:01
c213cf0a-f350-4dd2-96bd-36aeb9931b6a,Nyandungu park,view,2024-01-05T00:50:07
c213cf0a-f350-4dd2-96bd-36aeb9931b6a,Imigongo art centre,view,2024-01-14T16:17:10
c213cf0a-f350-4dd2-96bd-36aeb9931b6a,King's Palace,view,2024-04-25T11:08:57
c213cf0a-f350-4dd2-96bd-36aeb9931b6a,Hiking Mt Bisoke,view,2024-03-20T02:09:43
c213cf0a-f350-4dd2-96bd-36aeb9931b6a,Royal balloon,view,2024-07-11T11:44:52
c213cf0a-f350-4dd2-96bd-36aeb9931b6a,King's Palace,view,2024-06-02T04:02:13
e7bf90c2-fea1-4e3c-81a3-06472d6937d8,Ibere rya bigogwe,view,2024-01-31T01:38:51
e7bf90c2-fea1-4e3c-81a3-06472d6937d8,Kibeho,view,2024-04-04T15:41:59
e7bf90c2-fea1-4e3c-81a3-06472d6937d8,BK Arena,view,2024-01-30T21:11:57
e7bf90c2-fea1-4e3c-81a3-06472d6937d8,Cricket - Gahanga,view,2024-06-03T05:05:25
e7bf90c2-fea1-4e3c-81a3-06472d6937d8,Ellen DeGeneres Campus of the Dian Fossey Gorilla Fund,view,2024-06-15T11:56:02
e7bf90c2-fea1-4e3c-81a3-06472d6937d8,Akagera NP,view,2024-02-12T03:13:13
e7bf90c2-fea1-4e3c-81a3-06472d6937d8,Kigali Convetion center,view,2024-06-01T14:17:43
e7bf90c2-fea1-4e3c-81a3-06472d6937d8,Nyungwe NP,view,2024-04-16T02:09:18
e7bf90c2-fea1-4e3c-81a3-06472d6937d8,Akagera NP,view,2024-05-13T04:18:27
e7bf90c2-fea1-4e3c-81a3-06472d6937d8,Ibere rya bigogwe,view,2024-04-02T10:58:02
7ae955bd-8916-4445-98f6-d58311a4bb14,Kigali Memorial Site,view,2024-05-30T15:22:16
7ae955bd-8916-4445-98f6-d58311a4bb14,Kibeho,view,2024-01-24T22:36:39
7ae955bd-8916-4445-98f6-d58311a4bb14,Karisoke Research Center - Dian Fossey Camp,view,2024-02-27T04:16:22
7ae955bd-8916-4445-98f6-d58311a4bb14,Amashyuza hot springs,view,2024-03-15T09:45:13
7ae955bd-8916-4445-98f6-d58311a4bb14,Kigali Memorial Site,view,2024-01-26T23:17:33
7ae955bd-8916-4445-98f6-d58311a4bb14,Nyandungu park,view,2024-04-19T23:02:40
7ae955bd-8916-4445-98f6-d58311a4bb14,Ellen DeGeneres Campus of the Dian Fossey Gorilla Fund,view,2024-04-18T19:53:58
7ae955bd-8916-4445-98f6-d58311a4bb14,Royal balloon,view,2024-02-19T06:14:34
7ae955bd-8916-4445-98f6-d58311a4bb14,Rusumo waterfalls,view,2024-07-12T04:02:39
7ae955bd-8916-4445-98f6-d58311a4bb14,Hiking Mt Bisoke,view,2024-04-28T21:08:36
e1757d9f-3536-4e51-9e3d-7fc7af9f6546,Amahoro Stadium,view,2024-03-10T23:13:06
e1757d9f-3536-4e51-9e3d-7fc7af9f6546,Parliament,view,2024-02-14T08:16:07
e1757d9f-3536-4e51-9e3d-7fc7af9f6546,Amahoro Stadium,view,2024-01-12T05:50:38
e1757d9f-3536-4e51-9e3d-7fc7af9f6546,Gishwati,view,2024-02-11T02:22:34
e1757d9f-3536-4e51-9e3d-7fc7af9f6546,Fazendha,view,2024-02-27T06:23:39
e1757d9f-3536-4e51-9e3d-7fc7af9f6546,Fazendha,view,2024-07-16T15:41:40
e1757d9f-3536-4e51-9e3d-7fc7af9f6546,Cathedral,view,2024-04-13T14:36:31
e1757d9f-3536-4e51-9e3d-7fc7af9f6546,Amashyuza hot springs,view,2024-06-04T18:08:10
e1757d9f-3536-4e51-9e3d-7fc7af9f6546,Royal balloon,view,2024-02-07T22:21:47
e1757d9f-3536-4e51-9e3d-7fc7af9f6546,Fazendha,view,2024-03-08T08:43:01
54837d5d-c36c-4629-b658-7ec1ac5e4dfd,Akagera NP,view,2024-06-10T14:23:08
54837d5d-c36c-4629-b658-7ec1ac5e4dfd,Nyungwe NP,view,2024-01-27T20:15:08
54837d5d-c36c-4629-b658-7ec1ac5e4dfd,Akagera NP,view,2024-05-28T13:38:16
54837d5d-c36c-4629-b658-7ec1ac5e4dfd,Cricket - Gahanga,view,2024-05-07T18:11:42
54837d5d-c36c-4629-b658-7ec1ac5e4dfd,Cricket - Gahanga,view,2024-05-31T05:01:01
54837d5d-c36c-4629-b658-7ec1ac5e4dfd,Ethnographic Museum,view,2024-04-12T12:03:09
54837d5d-c36c-4629-b658-7ec1ac5e4dfd,Amashyuza hot springs,view,2024-04-05T08:17:27
54837d5d-c36c-4629-b658-7ec1ac5e4dfd,Nyungwe NP,view,2024-02-18T22:59:48
54837d5d-c36c-4629-b658-7ec1ac5e4dfd,Kigali Convetion center,view,2024-03-16T15:31:33
54837d5d-c36c-4629-b658-7ec1ac5e4dfd,Volcanoes NP (Gorilla trekking),view,2024-03-12T10:19:28
8e9053ac-5518-4ea8-8430-1b9ca092833c,Ibere rya bigogwe,view,2024-02-05T09:47:20
8e9053ac-5518-4ea8-8430-1b9ca092833c,Imigongo art centre,view,2024-03-20T07:08:04
8e9053ac-5518-4ea8-8430-1b9ca092833c,Kibeho,view,2024-05-14T02:23:00
8e9053ac-5518-4ea8-8430-1b9ca092833c,Twin Lakes,view,2024-01-03T10:09:35
8e9053ac-5518-4ea8-8430-1b9ca092833c,BK Arena,view,2024-04-13T16:35:21
8e9053ac-5518-4ea8-8430-1b9ca092833c,Nyungwe NP,view,2024-01-08T07:43:45
8e9053ac-5518-4ea8-8430-1b9ca092833c,Akagera NP,view,2024-05-28T23:20:54
8e9053ac-5518-4ea8-8430-1b9ca092833c,Cathedral,view,2024-05-04T12:34:05
8e9053ac-5518-4ea8-8430-1b9ca092833c,Kitabi eco center,view,2024-04-04T06:37:39
8e9053ac-5518-4ea8-8430-1b9ca092833c,BK Arena,view,2024-03-03T08:19:09
f80e5c8d-b3ad-404f-982d-8181196ff47d,Kitabi eco center,view,2024-01-12T23:27:33
f80e5c8d-b3ad-404f-982d-8181196ff47d,Hiking Mt Bisoke,view,2024-03-07T13:30:25
f80e5c8d-b3ad-404f-982d-8181196ff47d,Underground caves,view,2024-02-05T21:50:56
f80e5c8d-b3ad-404f-982d-8181196ff47d,Ethnographic Museum,view,2024-04-21T21:36:05
f80e5c8d-b3ad-404f-982d-8181196ff47d,King's Palace,view,2024-05-27T04:54:13
f80e5c8d-b3ad-404f-982d-8181196ff47d,Ellen DeGeneres Campus of the Dian Fossey Gorilla Fund,view,2024-06-11T07:24:28
f80e5c8d-b3ad-404f-982d-8181196ff47d,Lake Kivu,view,2024-01-01T20:59:48
f80e5c8d-b3ad-404f-982d-8181196ff47d,Ibere rya bigogwe,view,2024-03-25T21:20:38
f80e5c8d-b3ad-404f-982d-8181196ff47d,Lake Kivu,view,2024-02-02T06:06:14
f80e5c8d-b3ad-404f-982d-8181196ff47d,Nyandungu park,view,2024-06-06T15:06:34
a3c060e5-00fc-409e-bb0e-acb231669de2,Amahoro Stadium,view,2024-03-17T10:31:38
a3c060e5-00fc-409e-bb0e-acb231669de2,Amahoro Stadium,view,2024-02-09T10:13:23
a3c060e5-00fc-409e-bb0e-acb231669de2,Fazendha,view,2024-01-24T20:01:36
a3c060e5-00fc-409e-bb0e-acb231669de2,Karisoke Research Center - Dian Fossey Camp,view,2024-01-04T18:27:31
a3c060e5-00fc-409e-bb0e-acb231669de2,Kigali Memorial Site,view,2024-02-28T16:05:49
a3c060e5-00fc-409e-bb0e-acb231669de2,Gishwati,view,2024-02-25T18:43:31
a3c060e5-00fc-409e-bb0e-acb231669de2,Nyungwe NP,view,2024-01-05T02:41:12
a3c060e5-00fc-409e-bb0e-acb231669de2,Amahoro Stadium,view,2024-05-13T23:01:02
a3c060e5-00fc-409e-bb0e-acb231669de2,Gishwati,view,2024-02-27T21:31:49
a3c060e5-00fc-409e-bb0e-acb231669de2,Amahoro Stadium,view,2024-07-13T21:22:19
4b8d430a-48c0-4a7e-a8eb-3f149afdb5e2,Kigali Memorial Site,view,2024-06-22T03:20:41
4b8d430a-48c0-4a7e-a8eb-3f149afdb5e2,Fazendha,view,2024-04-23T00:35:33
4b8d430a-48c0-4a7e-a8eb-3f149afdb5e2,Kitabi eco center,view,2024-03-29T01:40:23
4b8d430a-48c0-4a7e-a8eb-3f149afdb5e2,King's Palace,view,2024-02-12T13:01:00
4b8d430a-48c0-4a7e-a8eb-3f149afdb5e2,Parliament,view,2024-04-29T09:40:06
4b8d430a-48c0-4a7e-a8eb-3f149afdb5e2,Amahoro Stadium,view,2024-02-07T22:52:03
4b8d430a-48c0-4a7e-a8eb-3f149afdb5e2,Fazendha,view,2024-04-08T12:47:27
4b8d430a-48c0-4a7e-a8eb-3f149afdb5e2,Parliament,view,2024-03-14T18:58:21
4b8d430a-48c0-4a7e-a8eb-3f149afdb5e2,Imigongo art centre,view,2024-01-06T19:35:59
4b8d430a-48c0-4a7e-a8eb-3f149afdb5e2,Karisoke Research Center - Dian Fossey Camp,view,2024-03-03T02:40:49
4431be60-f417-4840-83ee-5843ea3da76a,Fazendha,view,2024-02-12T22:18:13
4431be60-f417-4840-83ee-5843ea3da76a,Ibere rya bigogwe,view,2024-04-15T22:36:30
4431be60-f417-4840-83ee-5843ea3da76a,Amahoro Stadium,view,2024-04-29T03:40:08
4431be60-f417-4840-83ee-5843ea3da76a,Volcanoes NP (Gorilla trekking),view,2024-02-29T02:25:24
4431be60-f417-4840-83ee-5843ea3da76a,Ethnographic Museum,view,2024-01-10T15:59:30
4431be60-f417-4840-83ee-5843ea3da76a,Amashyuza hot springs,view,2024-03-30T06:31:02
4431be60-f417-4840-83ee-5843ea3da76a,BK Arena,view,2024-04-08T19:57:15
4431be60-f417-4840-83ee-5843ea3da76a,Nyungwe NP,view,2024-03-13T09:51:22
4431be60-f417-4840-83ee-5843ea3da76a,Cricket - Gahanga,view,2024-06-26T01:17:46
4431be60-f417-4840-83ee-5843ea3da76a,Cathedral,view,2024-06-07T03:14:51
1a77d26f-aba9-4d5b-8b7f-8d243e53bd03,Gishwati,view,2024-01-22T03:25:12
1a77d26f-aba9-4d5b-8b7f-8d243e53bd03,Gishwati,view,2024-03-15T03:55:51
1a77d26f-aba9-4d5b-8b7f-8d243e53bd03,Amashyuza hot springs,view,2024-04-04T04:15:34
1a77d26f-aba9-4d5b-8b7f-8d243e53bd03,Amahoro Stadium,view,2024-04-23T18:02:23
1a77d26f-aba9-4d5b-8b7f-8d243e53bd03,Rusumo waterfalls,view,2024-06-09T06:02:23
1a77d26f-aba9-4d5b-8b7f-8d243e53bd03,Amashyuza hot springs,view,2024-05-13T05:16:01
1a77d26f-aba9-4d5b-8b7f-8d243e53bd03,Rusumo waterfalls,view,2024-01-08T01:14:48
1a77d26f-aba9-4d5b-8b7f-8d243e53bd03,Twin Lakes,view,2024-05-31T12:27:28
1a77d26f-aba9-4d5b-8b7f-8d243e53bd03,BK Arena,view,2024-03-19T04:00:18
1a77d26f-aba9-4d5b-8b7f-8d243e53bd03,Nyandungu park,view,2024-05-02T04:16:59
d150da13-9cd5-4719-87d9-6d734cf4d4a2,Nyandungu park,view,2024-03-17T01:45:27
d150da13-9cd5-4719-87d9-6d734cf4d4a2,Ethnographic Museum,view,2024-01-26T01:03:03
d150da13-9cd5-4719-87d9-6d734cf4d4a2,Twin Lakes,view,2024-04-15T08:14:09
d150da13-9cd5-4719-87d9-6d734cf4d4a2,Ellen DeGeneres Campus of the Dian Fossey Gorilla Fund,view,2024-05-07T07:17:46
d150da13-9cd5-4719-87d9-6d734cf4d4a2,Twin Lakes,view,2024-01-26T12:26:07
d150da13-9cd5-4719-87d9-6d734cf4d4a2,Twin Lakes,view,2024-03-17T11:00:12
d150da13-9cd5-4719-87d9-6d734cf4d4a2,Lake Kivu,view,2024-02-16T07:45:33
d150da13-9cd5-4719-87d9-6d734cf4d4a2,Imigongo art centre,view,2024-04-27T09:14:36
d150da13-9cd5-4719-87d9-6d734cf4d4a2,Cathedral,view,2024-01-15T05:34:46
d150da13-9cd5-4719-87d9-6d734cf4d4a2,Parliament,view,2024-01-05T16:49:11
c4c9322a-da8e-4084-94c6-9e3fec415ae6,Ethnographic Museum,view,2024-02-10T07:16:23
c4c9322a-da8e-4084-94c6-9e3fec415ae6,King's Palace,view,2024-01-22T05:26:47
c4c9322a-da8e-4084-94c6-9e3fec415ae6,King's Palace,view,2024-05-02T17:42:48
c4c9322a-da8e-4084-94c6-9e3fec415ae6,Nyandungu park,view,2024-05-25T19:13:29
c4c9322a-da8e-4084-94c6-9e3fec415ae6,Parliament,view,2024-06-26T11:13:06
c4c9322a-da8e-4084-94c6-9e3fec415ae6,Underground caves,view,2024-05-16T07:32:16
c4c9322a-da8e-4084-94c6-9e3fec415ae6,Cathedral,view,2024-03-09T03:27:12
c4c9322a-da8e-4084-94c6-9e3fec415ae6,Karisoke Research Center - Dian Fossey Camp,view,2024-02-25T21:31:03
c4c9322a-da8e-4084-94c6-9e3fec415ae6,Rusumo waterfalls,view,2024-04-22T21:42:55
c4c9322a-da8e-4084-94c6-9e3fec415ae6,Imigongo art centre,view,2024-01-16T02:54:50
536a36d4-7cfb-4f36-9b4d-433f0968b4d8,Nyandungu park,view,2024-03-16T05:47:42
536a36d4-7cfb-4f36-9b4d-433f0968b4d8,Amahoro Stadium,view,2024-03-14T07:17:42
536a36d4-7cfb-4f36-9b4d-433f0968b4d8,BK Arena,view,2024-04-06T20:39:50
536a36d4-7cfb-4f36-9b4d-433f0968b4d8,BK Arena,view,2024-02-12T12:14:45
536a36d4-7cfb-4f36-9b4d-433f0968b4d8,Nyungwe NP,view,2024-05-23T01:55:45
536a36d4-7cfb-4f36-9b4d-433f0968b4d8,Lake Kivu,view,2024-03-24T06:20:45
536a36d4-7cfb-4f36-9b4d-433f0968b4d8,Cricket - Gahanga,view,2024-03-04T18:11:04
536a36d4-7cfb-4f36-9b4d-433f0968b4d8,Twin Lakes,view,2024-07-02T04:16:55
536a36d4-7cfb-4f36-9b4d-433f0968b4d8,Kigali Convetion center,view,2024-06-20T13:06:29
536a36d4-7cfb-4f36-9b4d-433f0968b4d8,Volcanoes NP (Gorilla trekking),view,2024-02-03T04:58:10
dfca7ae9-635c-4359-a462-9023c884f656,Lake Kivu,view,2024-02-27T23:04:25
dfca7ae9-635c-4359-a462-9023c884f656,Amahoro Stadium,view,2024-05-04T04:27:06
dfca7ae9-635c-4359-a462-9023c884f656,Imigongo art centre,view,2024-06-01T01:22:02
dfca7ae9-635c-4359-a462-9023c884f656,Fazendha,view,2024-07-10T20:13:46
dfca7ae9-635c-4359-a462-9023c884f656,Lake Kivu,view,2024-04-14T04:43:36
dfca7ae9-635c-4359-a462-9023c884f656,Rusumo waterfalls,view,2024-01-01T05:59:13
dfca7ae9-635c-4359-a462-9023c884f656,Imigongo art centre,view,2024-02-08T16:55:10
dfca7ae9-635c-4359-a462-9023c884f656,Imigongo art centre,view,2024-01-12T10:48:35
dfca7ae9-635c-4359-a462-9023c884f656,Nyungwe NP,view,2024-02-22T00:33:49
dfca7ae9-635c-4359-a462-9023c884f656,Nyandungu park,view,2024-05-20T08:35:57
4713c665-e28b-44be-9f7c-cf5d272e3dc0,Parliament,view,2024-04-12T10:34:22
4713c665-e28b-44be-9f7c-cf5d272e3dc0,King's Palace,view,2024-01-30T15:06:15
4713c665-e28b-44be-9f7c-cf5d272e3dc0,Nyungwe NP,view,2024-02-13T01:54:16
4713c665-e28b-44be-9f7c-cf5d272e3dc0,Royal balloon,view,2024-07-07T03:22:37
4713c665-e28b-44be-9f7c-cf5d272e3dc0,Kigali Memorial Site,view,2024-04-15T11:36:53
4713c665-e28b-44be-9f7c-cf5d272e3dc0,Fazendha,view,2024-05-10T04:34:27
4713c665-e28b-44be-9f7c-cf5d272e3dc0,Akagera NP,view,2024-06-01T18:42:52
4713c665-e28b-44be-9f7c-cf5d272e3dc0,Imigongo art centre,view,2024-04-04T19:48:18
4713c665-e28b-44be-9f7c-cf5d272e3dc0,Amahoro Stadium,view,2024-01-24T16:10:04
4713c665-e28b-44be-9f7c-cf5d272e3dc0,Kigali Convetion center,view,2024-07-01T08:14:54
27d52464-a701-49e0-813f-b6b7aaeb1432,Twin Lakes,view,2024-04-22T18:32:10
27d52464-a701-49e0-813f-b6b7aaeb1432,Amashyuza hot springs,view,2024-01-19T22:02:12
27d52464-a701-49e0-813f-b6b7aaeb1432,Amashyuza hot springs,view,2024-05-08T20:56:34
27d52464-a701-49e0-813f-b6b7aaeb1432,BK Arena,view,2024-01-22T10:08:16
27d52464-a701-49e0-813f-b6b7aaeb1432,Imigongo art centre,view,2024-05-24T11:06:14
27d52464-a701-49e0-813f-b6b7aaeb1432,Underground caves,view,2024-03-22T03:03:31
27d52464-a701-49e0-813f-b6b7aaeb1432,Parliament,view,2024-07-03T10:20:08
27d52464-a701-49e0-813f-b6b7aaeb1432,Kigali Convetion center,view,2024-06-20T14:21:24
27d52464-a701-49e0-813f-b6b7aaeb1432,Underground caves,view,2024-07-13T20:47:35
27d52464-a701-49e0-813f-b6b7aaeb1432,Kigali Memorial Site,view,2024-06-18T22:16:13
24f4072c-27c0-4edd-b873-88ac295053d1,Underground caves,view,2024-01-10T18:10:39
24f4072c-27c0-4edd-b873-88ac295053d1,Volcanoes NP (Gorilla trekking),view,2024-06-09T12:43:16
24f4072c-27c0-4edd-b873-88ac295053d1,Rusumo waterfalls,view,2024-06-20T11:31:47
24f4072c-27c0-4edd-b873-88ac295053d1,Rusumo waterfalls,view,2024-03-17T06:57:53
24f4072c-27c0-4edd-b873-88ac295053d1,Lake Kivu,view,2024-04-07T09:38:33
24f4072c-27c0-4edd-b873-88ac295053d1,Hiking Mt Bisoke,view,2024-06-15T18:32:18
24f4072c-27c0-4edd-b873-88ac295053d1,Twin Lakes,view,2024-04-20T07:26:35
24f4072c-27c0-4edd-b873-88ac295053d1,Kitabi eco center,view,2024-03-16T11:18:26
24f4072c-27c0-4edd-b873-88ac295053d1,Cathedral,view,2024-02-11T07:50:09
24f4072c-27c0-4edd-b873-88ac295053d1,Rusumo waterfalls,view,2024-05-22T03:48:15
15e866d9-9a82-4e5d-9eda-c0df657f6c4b,Nyungwe NP,view,2024-06-27T15:19:23
15e866d9-9a82-4e5d-9eda-c0df657f6c4b,Ethnographic Museum,view,2024-06-30T15:13:21
15e866d9-9a82-4e5d-9eda-c0df657f6c4b,Kitabi eco center,view,2024-02-15T13:41:08
15e866d9-9a82-4e5d-9eda-c0df657f6c4b,Amashyuza hot springs,view,2024-06-18T05:39:29
15e866d9-9a82-4e5d-9eda-c0df657f6c4b,Cricket - Gahanga,view,2024-05-15T10:42:35
15e866d9-9a82-4e5d-9eda-c0df657f6c4b,BK Arena,view,2024-05-04T14:29:17
15e866d9-9a82-4e5d-9eda-c0df657f6c4b,Hiking Mt Bisoke,view,2024-06-21T18:03:20
15e866d9-9a82-4e5d-9eda-c0df657f6c4b,BK Arena,view,2024-02-09T20:13:13
15e866d9-9a82-4e5d-9eda-c0df657f6c4b,Parliament,view,2024-02-17T00:52:21
15e866d9-9a82-4e5d-9eda-c0df657f6c4b,Gishwati,view,2024-01-28T23:25:36
f6204454-5346-403a-9484-8bac556c85cc,Cathedral,view,2024-06-16T16:48:03
f6204454-5346-403a-9484-8bac556c85cc,Nyungwe NP,view,2024-02-08T20:29:55
f6204454-5346-403a-9484-8bac556c85cc,Parliament,view,2024-02-14T18:34:49
f6204454-5346-403a-9484-8bac556c85cc,Cathedral,view,2024-06-10T14:53:43
f6204454-5346-403a-9484-8bac556c85cc,Karisoke Research Center - Dian Fossey Camp,view,2024-04-18T10:45:59
f6204454-5346-403a-9484-8bac556c85cc,Parliament,view,2024-05-26T02:27:26
f6204454-5346-403a-9484-8bac556c85cc,Parliament,view,2024-03-28T19:21:29
f6204454-5346-403a-9484-8bac556c85cc,Gishwati,view,2024-03-06T09:06:42
f6204454-5346-403a-9484-8bac556c85cc,Amashyuza hot springs,view,2024-02-19T04:02:43
f6204454-5346-403a-9484-8bac556c85cc,Ibere rya bigogwe,view,2024-01-26T03:26:09
e73b2ece-f831-4b0b-80f4-92c268d0dc3b,Imigongo art centre,view,2024-04-14T00:29:48
e73b2ece-f831-4b0b-80f4-92c268d0dc3b,Ibere rya bigogwe,view,2024-03-31T05:34:56
e73b2ece-f831-4b0b-80f4-92c268d0dc3b,Kigali Convetion center,view,2024-06-11T06:45:23
e73b2ece-f831-4b0b-80f4-92c268d0dc3b,Parliament,view,2024-03-01T19:19:55
e73b2ece-f831-4b0b-80f4-92c268d0dc3b,Ibere rya bigogwe,view,2024-01-19T04:19:27
e73b2ece-f831-4b0b-80f4-92c268d0dc3b,Fazendha,view,2024-05-01T11:24:15
e73b2ece-f831-4b0b-80f4-92c268d0dc3b,Imigongo art centre,view,2024-06-01T04:42:40
e73b2ece-f831-4b0b-80f4-92c268d0dc3b,Kigali Convetion center,view,2024-05-09T17:24:14
e73b2ece-f831-4b0b-80f4-92c268d0dc3b,Fazendha,view,2024-06-12T17:52:53
e73b2ece-f831-4b0b-80f4-92c268d0dc3b,Kibeho,view,2024-05-15T06:34:18
449c96d3-bf47-454c-bdb6-0f82689ff97e,Fazendha,view,2024-01-17T00:31:35
449c96d3-bf47-454c-bdb6-0f82689ff97e,Ethnographic Museum,view,2024-01-12T20:04:07
449c96d3-bf47-454c-bdb6-0f82689ff97e,Imigongo art centre,view,2024-02-19T19:27:18
449c96d3-bf47-454c-bdb6-0f82689ff97e,Amahoro Stadium,view,2024-03-12T21:19:45
449c96d3-bf47-454c-bdb6-0f82689ff97e,Underground caves,view,2024-06-08T17:37:24
449c96d3-bf47-454c-bdb6-0f82689ff97e,Nyandungu park,view,2024-03-01T02:57:03
449c96d3-bf47-454c-bdb6-0f82689ff97e,Gishwati,view,2024-02-20T19:04:24
449c96d3-bf47-454c-bdb6-0f82689ff97e,Amahoro Stadium,view,2024-02-05T09:30:58
449c96d3-bf47-454c-bdb6-0f82689ff97e,Gishwati,view,2024-01-13T07:12:55
449c96d3-bf47-454c-bdb6-0f82689ff97e,Kibeho,view,2024-03-08T14:37:01
e902f87a-8c29-4f6b-990d-b2cddbf38a69,Parliament,view,2024-01-03T05:27:49
e902f87a-8c29-4f6b-990d-b2cddbf38a69,Kibeho,view,2024-03-13T14:27:21
e902f87a-8c29-4f6b-990d-b2cddbf38a69,Fazendha,view,2024-01-12T09:03:55
e902f87a-8c29-4f6b-990d-b2cddbf38a69,Twin Lakes,view,2024-06-27T03:06:55
e902f87a-8c29-4f6b-990d-b2cddbf38a69,Ethnographic Museum,view,2024-05-04T16:15:55
e902f87a-8c29-4f6b-990d-b2cddbf38a69,Gishwati,view,2024-04-04T09:49:58
e902f87a-8c29-4f6b-990d-b2cddbf38a69,Gishwati,view,2024-05-15T23:27:02
e902f87a-8c29-4f6b-990d-b2cddbf38a69,Ibere rya bigogwe,view,2024-02-14T06:15:11
e902f87a-8c29-4f6b-990d-b2cddbf38a69,Karisoke Research Center - Dian Fossey Camp,view,2024-01-19T01:51:51
e902f87a-8c29-4f6b-990d-b2cddbf38a69,Volcanoes NP (Gorilla trekking),view,2024-07-13T01:50:23
6d4108cd-8ac7-4311-8841-bc3184d8f745,BK Arena,view,2024-06-05T05:56:56
6d4108cd-8ac7-4311-8841-bc3184d8f745,Ethnographic Museum,view,2024-05-21T03:44:43
6d4108cd-8ac7-4311-8841-bc3184d8f745,Kitabi eco center,view,2024-04-25T00:40:23
6d4108cd-8ac7-4311-8841-bc3184d8f745,Karisoke Research Center - Dian Fossey Camp,view,2024-06-29T05:18:31
6d4108cd-8ac7-4311-8841-bc3184d8f745,Amahoro Stadium,view,2024-05-30T05:52:09
6d4108cd-8ac7-4311-8841-bc3184d8f745,Volcanoes NP (Gorilla trekking),view,2024-06-24T09:11:53
6d4108cd-8ac7-4311-8841-bc3184d8f745,Underground caves,view,2024-02-26T09:58:16
6d4108cd-8ac7-4311-8841-bc3184d8f745,Cricket - Gahanga,view,2024-05-03T02:46:01
6d4108cd-8ac7-4311-8841-bc3184d8f745,Ethnographic Museum,view,2024-01-14T16:10:29
6d4108cd-8ac7-4311-8841-bc3184d8f745,King's Palace,view,2024-03-30T12:22:19
f59b26b0-c12e-496f-9757-7acff8c58eac,Hiking Mt Bisoke,view,2024-06-20T07:37:56
f59b26b0-c12e-496f-9757-7acff8c58eac,Lake Kivu,view,2024-05-27T01:11:05
f59b26b0-c12e-496f-9757-7acff8c58eac,Karisoke Research Center - Dian Fossey Camp,view,2024-02-02T00:21:33
f59b26b0-c12e-496f-9757-7acff8c58eac,Akagera NP,view,2024-06-01T07:06:18
f59b26b0-c12e-496f-9757-7acff8c58eac,Fazendha,view,2024-01-30T16:27:40
f59b26b0-c12e-496f-9757-7acff8c58eac,Kigali Memorial Site,view,2024-05-06T02:22:32
f59b26b0-c12e-496f-9757-7acff8c58eac,Lake Kivu,view,2024-03-18T16:10:35
f59b26b0-c12e-496f-9757-7acff8c58eac,Kibeho,view,2024-04-09T03:38:59
f59b26b0-c12e-496f-9757-7acff8c58eac,Gishwati,view,2024-04-08T09:05:26
f59b26b0-c12e-496f-9757-7acff8c58eac,Nyandungu park,view,2024-06-22T03:07:45
a3ceaa4b-b8c6-4c7e-982d-4d2a883de849,Fazendha,view,2024-03-28T02:59:48
a3ceaa4b-b8c6-4c7e-982d-4d2a883de849,Nyungwe NP,view,2024-01-03T11:37:18
a3ceaa4b-b8c6-4c7e-982d-4d2a883de849,BK Arena,view,2024-05-06T16:17:02
a3ceaa4b-b8c6-4c7e-982d-4d2a883de849,Ibere rya bigogwe,view,2024-04-10T01:30:58
a3ceaa4b-b8c6-4c7e-982d-4d2a883de849,Volcanoes NP (Gorilla trekking),view,2024-06-12T15:46:34
a3ceaa4b-b8c6-4c7e-982d-4d2a883de849,Cricket - Gahanga,view,2024-07-15T08:55:05
a3ceaa4b-b8c6-4c7e-982d-4d2a883de849,Ellen DeGeneres Campus of the Dian Fossey Gorilla Fund,view,2024-02-20T23:30:26
a3ceaa4b-b8c6-4c7e-982d-4d2a883de849,Fazendha,view,2024-02-22T10:46:54
a3ceaa4b-b8c6-4c7e-982d-4d2a883de849,Amahoro Stadium,view,2024-01-04T15:18:40
a3ceaa4b-b8c6-4c7e-982d-4d2a883de849,Ellen DeGeneres Campus of the Dian Fossey Gorilla Fund,view,2024-02-28T03:23:17
e02caba5-fffd-45d0-ab76-2905231bc4a8,Hiking Mt Bisoke,view,2024-05-03T02:28:58
e02caba5-fffd-45d0-ab76-2905231bc4a8,Kigali Convetion center,view,2024-06-24T16:56:36
e02caba5-fffd-45d0-ab76-2905231bc4a8,Lake Kivu,view,2024-06-17T05:53:31
e02caba5-fffd-45d0-ab76-2905231bc4a8,Royal balloon,view,2024-05-04T16:55:11
e02caba5-fffd-45d0-ab76-2905231bc4a8,Nyungwe NP,view,2024-05-12T03:03:48
e02caba5-fffd-45d0-ab76-2905231bc4a8,Kitabi eco center,view,2024-01-29T09:57:14
e02caba5-fffd-45d0-ab76-2905231bc4a8,Hiking Mt Bisoke,view,2024-05-04T19:15:23
e02caba5-fffd-45d0-ab76-2905231bc4a8,Kibeho,view,2024-03-12T01:44:22
e02caba5-fffd-45d0-ab76-2905231bc4a8,Rusumo waterfalls,view,2024-07-09T13:27:51
e02caba5-fffd-45d0-ab76-2905231bc4a8,King's Palace,view,2024-06-22T04:13:01
753fe8d8-acde-47e6-9550-fbc95bbaaf59,Ibere rya bigogwe,view,2024-04-14T15:32:51
753fe8d8-acde-47e6-9550-fbc95bbaaf59,Kigali Memorial Site,view,2024-03-06T17:41:21
753fe8d8-acde-47e6-9550-fbc95bbaaf59,Ethnographic Museum,view,2024-01-14T19:25:44
753fe8d8-acde-47e6-9550-fbc95bbaaf59,Royal balloon,view,2024-01-26T04:33:09
753fe8d8-acde-47e6-9550-fbc95bbaaf59,Nyungwe NP,view,2024-01-25T10:45:29
753fe8d8-acde-47e6-9550-fbc95bbaaf59,Hiking Mt Bisoke,view,2024-05-23T13:46:02
753fe8d8-acde-47e6-9550-fbc95bbaaf59,Ethnographic Museum,view,2024-04-21T03:21:31
753fe8d8-acde-47e6-9550-fbc95bbaaf59,Nyandungu park,view,2024-02-14T10:29:11
753fe8d8-acde-47e6-9550-fbc95bbaaf59,Cricket - Gahanga,view,2024-06-17T21:25:58
753fe8d8-acde-47e6-9550-fbc95bbaaf59,Volcanoes NP (Gorilla trekking),view,2024-03-20T06:18:37
4c599bc0-929f-4821-92c3-4cc0fce480eb,Nyandungu park,view,2024-04-12T06:37:11
4c599bc0-929f-4821-92c3-4cc0fce480eb,Nyandungu park,view,2024-01-16T01:46:42
4c599bc0-929f-4821-92c3-4cc0fce480eb,Cathedral,view,2024-05-05T02:42:54
4c599bc0-929f-4821-92c3-4cc0fce480eb,Nyungwe NP,view,2024-02-03T02:32:05
4c599bc0-929f-4821-92c3-4cc0fce480eb,Cricket - Gahanga,view,2024-04-27T18:16:42
4c599bc0-929f-4821-92c3-4cc0fce480eb,Volcanoes NP (Gorilla trekking),view,2024-01-20T01:21:21
4c599bc0-929f-4821-92c3-4cc0fce480eb,Hiking Mt Bisoke,view,2024-05-22T14:55:43
4c599bc0-929f-4821-92c3-4cc0fce480eb,Kibeho,view,2024-05-18T04:18:32
4c599bc0-929f-4821-92c3-4cc0fce480eb,BK Arena,view,2024-06-13T07:50:18
4c599bc0-929f-4821-92c3-4cc0fce480eb,Kitabi eco center,view,2024-06-05T01:23:49
77775d45-287f-4e73-88b9-1f51c89398a7,Karisoke Research Center - Dian Fossey Camp,view,2024-01-31T09:44:10
77775d45-287f-4e73-88b9-1f51c89398a7,BK Arena,view,2024-04-09T09:05:09
77775d45-287f-4e73-88b9-1f51c89398a7,Ethnographic Museum,view,2024-05-20T01:24:56
77775d45-287f-4e73-88b9-1f51c89398a7,King's Palace,view,2024-01-29T13:47:21
77775d45-287f-4e73-88b9-1f51c89398a7,Imigongo art centre,view,2024-02-07T04:10:57
77775d45-287f-4e73-88b9-1f51c89398a7,Volcanoes NP (Gorilla trekking),view,2024-06-11T18:47:15
77775d45-287f-4e73-88b9-1f51c89398a7,Ibere rya bigogwe,view,2024-03-16T00:59:12
77775d45-287f-4e73-88b9-1f51c89398a7,Amashyuza hot springs,view,2024-06-30T01:24:13
77775d45-287f-4e73-88b9-1f51c89398a7,Volcanoes NP (Gorilla trekking),view,2024-06-05T19:16:49
77775d45-287f-4e73-88b9-1f51c89398a7,Imigongo art centre,view,2024-06-10T23:52:30
334ea25c-0b69-4960-8041-5811fb26f509,Parliament,view,2024-03-20T19:09:20
334ea25c-0b69-4960-8041-5811fb26f509,Fazendha,view,2024-05-03T19:00:00
334ea25c-0b69-4960-8041-5811fb26f509,King's Palace,view,2024-04-23T17:26:38
334ea25c-0b69-4960-8041-5811fb26f509,Twin Lakes,view,2024-05-31T03:43:51
334ea25c-0b69-4960-8041-5811fb26f509,Royal balloon,view,2024-03-08T06:41:09
334ea25c-0b69-4960-8041-5811fb26f509,Volcanoes NP (Gorilla trekking),view,2024-05-11T11:47:21
334ea25c-0b69-4960-8041-5811fb26f509,Parliament,view,2024-04-20T21:32:40
334ea25c-0b69-4960-8041-5811fb26f509,Kigali Memorial Site,view,2024-06-02T21:53:05
334ea25c-0b69-4960-8041-5811fb26f509,Karisoke Research Center - Dian Fossey Camp,view,2024-06-22T06:31:24
334ea25c-0b69-4960-8041-5811fb26f509,Akagera NP,view,2024-03-15T02:59:20
307b7053-3088-4472-ac3a-0b0a735e0312,Cricket - Gahanga,view,2024-03-22T12:21:36
307b7053-3088-4472-ac3a-0b0a735e0312,King's Palace,view,2024-03-03T00:11:03
307b7053-3088-4472-ac3a-0b0a735e0312,Volcanoes NP (Gorilla trekking),view,2024-03-27T15:24:38
307b7053-3088-4472-ac3a-0b0a735e0312,Kigali Convetion center,view,2024-03-06T20:24:51
307b7053-3088-4472-ac3a-0b0a735e0312,Cathedral,view,2024-02-23T05:05:24
307b7053-3088-4472-ac3a-0b0a735e0312,Lake Kivu,view,2024-03-30T08:18:56
307b7053-3088-4472-ac3a-0b0a735e0312,Nyungwe NP,view,2024-06-08T03:26:06
307b7053-3088-4472-ac3a-0b0a735e0312,Kitabi eco center,view,2024-02-10T06:30:55
307b7053-3088-4472-ac3a-0b0a735e0312,Twin Lakes,view,2024-07-10T06:58:01
307b7053-3088-4472-ac3a-0b0a735e0312,Nyungwe NP,view,2024-03-14T16:38:57
b554c82d-86f8-4f7b-b90a-8117a687a469,Kigali Memorial Site,view,2024-07-02T10:08:04
b554c82d-86f8-4f7b-b90a-8117a687a469,Nyandungu park,view,2024-02-16T22:46:15
b554c82d-86f8-4f7b-b90a-8117a687a469,Fazendha,view,2024-05-14T17:01:38
b554c82d-86f8-4f7b-b90a-8117a687a469,Kitabi eco center,view,2024-06-09T09:17:17
b554c82d-86f8-4f7b-b90a-8117a687a469,Cricket - Gahanga,view,2024-03-23T20:28:37
b554c82d-86f8-4f7b-b90a-8117a687a469,Nyungwe NP,view,2024-01-28T18:27:49
b554c82d-86f8-4f7b-b90a-8117a687a469,Parliament,view,2024-06-08T16:14:06
b554c82d-86f8-4f7b-b90a-8117a687a469,Royal balloon,view,2024-03-25T14:24:08
b554c82d-86f8-4f7b-b90a-8117a687a469,Ellen DeGeneres Campus of the Dian Fossey Gorilla Fund,view,2024-04-27T19:06:49
b554c82d-86f8-4f7b-b90a-8117a687a469,Gishwati,view,2024-02-08T07:44:04
35bf5111-491e-4fe5-ba2b-62dfd3886437,Nyungwe NP,view,2024-07-11T23:10:24
35bf5111-491e-4fe5-ba2b-62dfd3886437,Cricket - Gahanga,view,2024-02-29T03:38:42
35bf5111-491e-4fe5-ba2b-62dfd3886437,Twin Lakes,view,2024-05-19T18:32:46
35bf5111-491e-4fe5-ba2b-62dfd3886437,Cricket - Gahanga,view,2024-07-15T23:44:01
35bf5111-491e-4fe5-ba2b-62dfd3886437,Parliament,view,2024-06-07T22:53:23
35bf5111-491e-4fe5-ba2b-62dfd3886437,Hiking Mt Bisoke,view,2024-02-27T04:04:18
35bf5111-491e-4fe5-ba2b-62dfd3886437,Ellen DeGeneres Campus of the Dian Fossey Gorilla Fund,view,2024-04-08T08:56:25
35bf5111-491e-4fe5-ba2b-62dfd3886437,Rusumo waterfalls,view,2024-06-24T23:03:29
35bf5111-491e-4fe5-ba2b-62dfd3886437,Imigongo art centre,view,2024-02-17T08:23:27
35bf5111-491e-4fe5-ba2b-62dfd3886437,Parliament,view,2024-01-16T19:07:29
8062dfeb-628e-408f-9889-b3b145aadc01,Ellen DeGeneres Campus of the Dian Fossey Gorilla Fund,view,2024-05-25T19:51:55
8062dfeb-628e-408f-9889-b3b145aadc01,BK Arena,view,2024-06-15T00:33:31
8062dfeb-628e-408f-9889-b3b145aadc01,Ethnographic Museum,view,2024-04-12T07:26:32
8062dfeb-628e-408f-9889-b3b145aadc01,Amahoro Stadium,view,2024-04-02T23:55:38
8062dfeb-628e-408f-9889-b3b145aadc01,Ethnographic Museum,view,2024-05-16T20:51:01
8062dfeb-628e-408f-9889-b3b145aadc01,Nyandungu park,view,2024-03-09T14:53:03
8062dfeb-628e-408f-9889-b3b145aadc01,Ellen DeGeneres Campus of the Dian Fossey Gorilla Fund,view,2024-07-06T10:00:24
8062dfeb-628e-408f-9889-b3b145aadc01,Akagera NP,view,2024-03-12T06:25:04
8062dfeb-628e-408f-9889-b3b145aadc01,Nyungwe NP,view,2024-03-24T07:47:45
8062dfeb-628e-408f-9889-b3b145aadc01,Imigongo art centre,view,2024-02-09T02:23:51
5877d162-70d9-4756-80a4-25bd6ad7adcd,Twin Lakes,view,2024-03-07T17:26:22
5877d162-70d9-4756-80a4-25bd6ad7adcd,Kibeho,view,2024-01-22T17:10:52
5877d162-70d9-4756-80a4-25bd6ad7adcd,Cathedral,view,2024-01-10T19:10:53
5877d162-70d9-4756-80a4-25bd6ad7adcd,Cricket - Gahanga,view,2024-04-07T12:51:32
5877d162-70d9-4756-80a4-25bd6ad7adcd,Amahoro Stadium,view,2024-04-22T08:15:03
5877d162-70d9-4756-80a4-25bd6ad7adcd,Imigongo art centre,view,2024-03-25T18:29:13
5877d162-70d9-4756-80a4-25bd6ad7adcd,Kigali Convetion center,view,2024-01-27T13:36:50
5877d162-70d9-4756-80a4-25bd6ad7adcd,Rusumo waterfalls,view,2024-04-27T18:23:31
5877d162-70d9-4756-80a4-25bd6ad7adcd,Rusumo waterfalls,view,2024-05-01T21:04:51
5877d162-70d9-4756-80a4-25bd6ad7adcd,Kigali Convetion center,view,2024-05-29T10:48:06
fdbde500-697c-4e0d-89bc-6aca7a459fa8,Twin Lakes,view,2024-06-11T16:04:27
fdbde500-697c-4e0d-89bc-6aca7a459fa8,Kigali Memorial Site,view,2024-01-20T03:47:55
fdbde500-697c-4e0d-89bc-6aca7a459fa8,Kigali Convetion center,view,2024-07-16T05:53:25
fdbde500-697c-4e0d-89bc-6aca7a459fa8,Cathedral,view,2024-02-08T16:59:58
fdbde500-697c-4e0d-89bc-6aca7a459fa8,Karisoke Research Center - Dian Fossey Camp,view,2024-05-10T09:16:21
fdbde500-697c-4e0d-89bc-6aca7a459fa8,Rusumo waterfalls,view,2024-06-22T06:59:14
fdbde500-697c-4e0d-89bc-6aca7a459fa8,Twin Lakes,view,2024-07-09T22:25:18
fdbde500-697c-4e0d-89bc-6aca7a459fa8,Rusumo waterfalls,view,2024-02-22T05:43:14
fdbde500-697c-4e0d-89bc-6aca7a459fa8,Ethnographic Museum,view,2024-02-29T00:49:39
fdbde500-697c-4e0d-89bc-6aca7a459fa8,Imigongo art centre,view,2024-06-24T14:23:52
7c5fe523-a5b0-4f7f-a622-c7a73bfcf888,Cathedral,view,2024-02-08T17:40:39
7c5fe523-a5b0-4f7f-a622-c7a73bfcf888,Rusumo waterfalls,view,2024-07-09T08:14:15
7c5fe523-a5b0-4f7f-a622-c7a73bfcf888,Amahoro Stadium,view,2024-02-27T15:44:02
7c5fe523-a5b0-4f7f-a622-c7a73bfcf888,Volcanoes NP (Gorilla trekking),view,2024-02-08T12:04:29
7c5fe523-a5b0-4f7f-a622-c7a73bfcf888,Kigali Convetion center,view,2024-03-06T00:41:11
7c5fe523-a5b0-4f7f-a622-c7a73bfcf888,Rusumo waterfalls,view,2024-04-19T12:38:56
7c5fe523-a5b0-4f7f-a622-c7a73bfcf888,Kitabi eco center,view,2024-05-07T06:53:47
7c5fe523-a5b0-4f7f-a622-c7a73bfcf888,Nyandungu park,view,2024-06-11T18:42:20
7c5fe523-a5b0-4f7f-a622-c7a73bfcf888,Underground caves,view,2024-05-27T21:39:12
7c5fe523-a5b0-4f7f-a622-c7a73bfcf888,Imigongo art centre,view,2024-05-05T18:38:29
8d2e4d96-4601-48f2-8fd2-699bcbb92cf0,Parliament,view,2024-03-27T06:21:04
8d2e4d96-4601-48f2-8fd2-699bcbb92cf0,Imigongo art centre,view,2024-02-10T04:07:31
8d2e4d96-4601-48f2-8fd2-699bcbb92cf0,Amashyuza hot springs,view,2024-06-24T08:26:45
8d2e4d96-4601-48f2-8fd2-699bcbb92cf0,Amahoro Stadium,view,2024-06-09T04:00:29
8d2e4d96-4601-48f2-8fd2-699bcbb92cf0,BK Arena,view,2024-07-13T22:21:29
8d2e4d96-4601-48f2-8fd2-699bcbb92cf0,Royal balloon,view,2024-01-09T14:37:09
8d2e4d96-4601-48f2-8fd2-699bcbb92cf0,Lake Kivu,view,2024-06-18T12:37:44
8d2e4d96-4601-48f2-8fd2-699bcbb92cf0,Ellen DeGeneres Campus of the Dian Fossey Gorilla Fund,view,2024-07-08T14:45:02
8d2e4d96-4601-48f2-8fd2-699bcbb92cf0,Hiking Mt Bisoke,view,2024-07-05T22:53:32
8d2e4d96-4601-48f2-8fd2-699bcbb92cf0,Royal balloon,view,2024-04-19T12:16:47
9e29ac6c-2d2e-4c54-9f83-8352ae3d3b99,Rusumo waterfalls,view,2024-03-06T22:49:52
9e29ac6c-2d2e-4c54-9f83-8352ae3d3b99,Imigongo art centre,view,2024-06-26T11:41:03
9e29ac6c-2d2e-4c54-9f83-8352ae3d3b99,Amahoro Stadium,view,2024-03-22T00:43:47
9e29ac6c-2d2e-4c54-9f83-8352ae3d3b99,Amahoro Stadium,view,2024-05-25T19:24:11
9e29ac6c-2d2e-4c54-9f83-8352ae3d3b99,Kigali Memorial Site,view,2024-02-16T18:08:12
9e29ac6c-2d2e-4c54-9f83-8352ae3d3b99,Ethnographic Museum,view,2024-01-13T08:48:09
9e29ac6c-2d2e-4c54-9f83-8352ae3d3b99,BK Arena,view,2024-02-13T20:37:19
9e29ac6c-2d2e-4c54-9f83-8352ae3d3b99,Underground caves,view,2024-05-23T03:11:25
9e29ac6c-2d2e-4c54-9f83-8352ae3d3b99,Karisoke Research Center - Dian Fossey Camp,view,2024-02-02T04:42:46
9e29ac6c-2d2e-4c54-9f83-8352ae3d3b99,Volcanoes NP (Gorilla trekking),view,2024-04-23T09:52:06
174d914d-5899-468a-a58b-5140f5fa3d78,Imigongo art centre,view,2024-03-04T14:11:42
174d914d-5899-468a-a58b-5140f5fa3d78,Fazendha,view,2024-03-21T10:17:38
174d914d-5899-468a-a58b-5140f5fa3d78,Akagera NP,view,2024-05-27T19:30:21
174d914d-5899-468a-a58b-5140f5fa3d78,Volcanoes NP (Gorilla trekking),view,2024-04-18T09:13:48
174d914d-5899-468a-a58b-5140f5fa3d78,Ellen DeGeneres Campus of the Dian Fossey Gorilla Fund,view,2024-05-19T01:24:10
174d914d-5899-468a-a58b-5140f5fa3d78,King's Palace,view,2024-06-15T07:09:53
174d914d-5899-468a-a58b-5140f5fa3d78,Ibere rya bigogwe,view,2024-02-04T16:04:36
174d914d-5899-468a-a58b-5140f5fa3d78,Underground caves,view,2024-05-15T22:49:23
174d914d-5899-468a-a58b-5140f5fa3d78,Ethnographic Museum,view,2024-01-20T10:29:35
174d914d-5899-468a-a58b-5140f5fa3d78,Royal balloon,view,2024-03-23T10:49:44
17cb4d45-0eba-4271-83c7-8cd7b593b876,Nyungwe NP,view,2024-01-26T21:55:11
17cb4d45-0eba-4271-83c7-8cd7b593b876,Karisoke Research Center - Dian Fossey Camp,view,2024-05-09T22:00:45
17cb4d45-0eba-4271-83c7-8cd7b593b876,Kigali Memorial Site,view,2024-05-23T21:11:02
17cb4d45-0eba-4271-83c7-8cd7b593b876,Nyandungu park,view,2024-02-23T10:37:38
17cb4d45-0eba-4271-83c7-8cd7b593b876,Volcanoes NP (Gorilla trekking),view,2024-03-18T10:32:23
17cb4d45-0eba-4271-83c7-8cd7b593b876,Kigali Convetion center,view,2024-03-06T02:06:21
17cb4d45-0eba-4271-83c7-8cd7b593b876,Gishwati,view,2024-06-04T04:13:40
17cb4d45-0eba-4271-83c7-8cd7b593b876,Volcanoes NP (Gorilla trekking),view,2024-03-01T02:54:41
17cb4d45-0eba-4271-83c7-8cd7b593b876,Parliament,view,2024-06-21T05:52:14
17cb4d45-0eba-4271-83c7-8cd7b593b876,Nyandungu park,view,2024-05-14T19:58:37
2d80ffb1-36ad-4ad1-b7c1-b0069bf297ec,Kibeho,view,2024-06-04T16:55:14
2d80ffb1-36ad-4ad1-b7c1-b0069bf297ec,Twin Lakes,view,2024-04-03T13:15:30
2d80ffb1-36ad-4ad1-b7c1-b0069bf297ec,Ellen DeGeneres Campus of the Dian Fossey Gorilla Fund,view,2024-01-18T04:06:38
2d80ffb1-36ad-4ad1-b7c1-b0069bf297ec,Cathedral,view,2024-02-25T07:31:34
2d80ffb1-36ad-4ad1-b7c1-b0069bf297ec,Rusumo waterfalls,view,2024-02-07T23:49:56
2d80ffb1-36ad-4ad1-b7c1-b0069bf297ec,Karisoke Research Center - Dian Fossey Camp,view,2024-07-01T01:34:57
2d80ffb1-36ad-4ad1-b7c1-b0069bf297ec,Twin Lakes,view,2024-04-21T02:30:54
2d80ffb1-36ad-4ad1-b7c1-b0069bf297ec,Kibeho,view,2024-04-26T02:18:40
2d80ffb1-36ad-4ad1-b7c1-b0069bf297ec,Ibere rya bigogwe,view,2024-03-18T03:46:38
2d80ffb1-36ad-4ad1-b7c1-b0069bf297ec,Nyandungu park,view,2024-03-18T08:06:29
0b3b6f23-cc6a-4b73-aeba-24c32de2a596,Underground caves,view,2024-03-26T12:21:50
0b3b6f23-cc6a-4b73-aeba-24c32de2a596,Gishwati,view,2024-07-04T18:08:38
0b3b6f23-cc6a-4b73-aeba-24c32de2a596,BK Arena,view,2024-05-28T16:53:45
0b3b6f23-cc6a-4b73-aeba-24c32de2a596,Volcanoes NP (Gorilla trekking),view,2024-02-11T11:04:17
0b3b6f23-cc6a-4b73-aeba-24c32de2a596,Parliament,view,2024-03-11T14:15:43
0b3b6f23-cc6a-4b73-aeba-24c32de2a596,Kitabi eco center,view,2024-03-12T06:28:01
0b3b6f23-cc6a-4b73-aeba-24c32de2a596,Twin Lakes,view,2024-05-11T20:24:32
0b3b6f23-cc6a-4b73-aeba-24c32de2a596,Kigali Memorial Site,view,2024-06-09T01:12:37
0b3b6f23-cc6a-4b73-aeba-24c32de2a596,Ibere rya bigogwe,view,2024-01-20T05:09:01
0b3b6f23-cc6a-4b73-aeba-24c32de2a596,Rusumo waterfalls,view,2024-06-15T01:53:00
c701d54f-3e6a-4787-8657-6f300702e64d,Nyungwe NP,view,2024-05-13T20:55:58
c701d54f-3e6a-4787-8657-6f300702e64d,Ethnographic Museum,view,2024-04-27T05:37:40
c701d54f-3e6a-4787-8657-6f300702e64d,Cathedral,view,2024-07-01T22:37:35
c701d54f-3e6a-4787-8657-6f300702e64d,Cathedral,view,2024-04-08T09:11:28
c701d54f-3e6a-4787-8657-6f300702e64d,Cathedral,view,2024-06-14T04:30:09
c701d54f-3e6a-4787-8657-6f300702e64d,Ethnographic Museum,view,2024-01-24T07:42:40
c701d54f-3e6a-4787-8657-6f300702e64d,BK Arena,view,2024-03-24T22:28:17
c701d54f-3e6a-4787-8657-6f300702e64d,Ellen DeGeneres Campus of the Dian Fossey Gorilla Fund,view,2024-05-10T18:49:05
c701d54f-3e6a-4787-8657-6f300702e64d,Twin Lakes,view,2024-05-31T15:22:48
c701d54f-3e6a-4787-8657-6f300702e64d,Fazendha,view,2024-03-01T15:50:01
ff57ecfc-ccc9-4c45-b686-c7189cf96dec,Ethnographic Museum,view,2024-03-19T15:32:32
ff57ecfc-ccc9-4c45-b686-c7189cf96dec,Karisoke Research Center - Dian Fossey Camp,view,2024-02-21T01:11:10
ff57ecfc-ccc9-4c45-b686-c7189cf96dec,Kibeho,view,2024-02-16T04:08:26
ff57ecfc-ccc9-4c45-b686-c7189cf96dec,Karisoke Research Center - Dian Fossey Camp,view,2024-05-11T09:41:17
ff57ecfc-ccc9-4c45-b686-c7189cf96dec,Ethnographic Museum,view,2024-02-17T11:21:16
ff57ecfc-ccc9-4c45-b686-c7189cf96dec,Imigongo art centre,view,2024-02-28T21:23:56
ff57ecfc-ccc9-4c45-b686-c7189cf96dec,Nyandungu park,view,2024-05-23T10:48:16
ff57ecfc-ccc9-4c45-b686-c7189cf96dec,Cathedral,view,2024-01-19T07:04:55
ff57ecfc-ccc9-4c45-b686-c7189cf96dec,Hiking Mt Bisoke,view,2024-06-05T09:30:02
ff57ecfc-ccc9-4c45-b686-c7189cf96dec,Ibere rya bigogwe,view,2024-03-14T13:33:39
f657c3b0-df8c-4366-bd40-9347a1a94e92,Hiking Mt Bisoke,view,2024-01-19T11:20:41
f657c3b0-df8c-4366-bd40-9347a1a94e92,Ethnographic Museum,view,2024-05-17T00:41:19
f657c3b0-df8c-4366-bd40-9347a1a94e92,Twin Lakes,view,2024-04-22T10:37:44
f657c3b0-df8c-4366-bd40-9347a1a94e92,Karisoke Research Center - Dian Fossey Camp,view,2024-02-22T10:18:25
f657c3b0-df8c-4366-bd40-9347a1a94e92,Underground caves,view,2024-03-27T04:28:21
f657c3b0-df8c-4366-bd40-9347a1a94e92,Kitabi eco center,view,2024-02-18T03:39:19
f657c3b0-df8c-4366-bd40-9347a1a94e92,Hiking Mt Bisoke,view,2024-03-11T09:25:36
f657c3b0-df8c-4366-bd40-9347a1a94e92,Nyungwe NP,view,2024-01-24T06:42:19
f657c3b0-df8c-4366-bd40-9347a1a94e92,Cricket - Gahanga,view,2024-04-14T04:14:10
f657c3b0-df8c-4366-bd40-9347a1a94e92,BK Arena,view,2024-06-16T12:21:41
d7dfb628-49be-48ff-b72d-cd0498206732,Twin Lakes,view,2024-07-01T18:54:39
d7dfb628-49be-48ff-b72d-cd0498206732,Ethnographic Museum,view,2024-05-11T04:00:30
d7dfb628-49be-48ff-b72d-cd0498206732,Underground caves,view,2024-05-10T02:17:54
d7dfb628-49be-48ff-b72d-cd0498206732,Ethnographic Museum,view,2024-02-15T13:56:00
d7dfb628-49be-48ff-b72d-cd0498206732,Cathedral,view,2024-04-19T12:47:25
d7dfb628-49be-48ff-b72d-cd0498206732,Kigali Convetion center,view,2024-04-07T09:10:12
d7dfb628-49be-48ff-b72d-cd0498206732,Kibeho,view,2024-04-20T05:04:25
d7dfb628-49be-48ff-b72d-cd0498206732,Gishwati,view,2024-05-27T09:24:16
d7dfb628-49be-48ff-b72d-cd0498206732,Hiking Mt Bisoke,view,2024-01-25T11:07:11
d7dfb628-49be-48ff-b72d-cd0498206732,Underground caves,view,2024-03-15T05:42:11
05cc54f3-70b1-4b2c-bacb-7764e495b70d,Nyungwe NP,view,2024-02-13T03:00:46
05cc54f3-70b1-4b2c-bacb-7764e495b70d,Royal balloon,view,2024-06-10T09:56:01
05cc54f3-70b1-4b2c-bacb-7764e495b70d,Kigali Memorial Site,view,2024-06-06T19:00:34
05cc54f3-70b1-4b2c-bacb-7764e495b70d,Hiking Mt Bisoke,view,2024-04-30T07:51:36
05cc54f3-70b1-4b2c-bacb-7764e495b70d,Hiking Mt Bisoke,view,2024-02-11T23:33:59
05cc54f3-70b1-4b2c-bacb-7764e495b70d,BK Arena,view,2024-05-23T07:47:16
05cc54f3-70b1-4b2c-bacb-7764e495b70d,Twin Lakes,view,2024-03-16T19:32:39
05cc54f3-70b1-4b2c-bacb-7764e495b70d,Rusumo waterfalls,view,2024-03-25T14:54:33
05cc54f3-70b1-4b2c-bacb-7764e495b70d,Gishwati,view,2024-02-11T07:25:46
05cc54f3-70b1-4b2c-bacb-7764e495b70d,Kibeho,view,2024-03-10T11:30:49
608b833c-4a0c-4f9c-b45b-ae7abc912fcb,King's Palace,view,2024-03-28T20:42:48
608b833c-4a0c-4f9c-b45b-ae7abc912fcb,Karisoke Research Center - Dian Fossey Camp,view,2024-06-16T03:58:30
608b833c-4a0c-4f9c-b45b-ae7abc912fcb,Lake Kivu,view,2024-01-11T22:30:00
608b833c-4a0c-4f9c-b45b-ae7abc912fcb,Lake Kivu,view,2024-07-01T23:05:40
608b833c-4a0c-4f9c-b45b-ae7abc912fcb,Lake Kivu,view,2024-03-19T00:22:08
608b833c-4a0c-4f9c-b45b-ae7abc912fcb,Ethnographic Museum,view,2024-04-23T22:53:36
608b833c-4a0c-4f9c-b45b-ae7abc912fcb,BK Arena,view,2024-06-15T15:45:27
608b833c-4a0c-4f9c-b45b-ae7abc912fcb,Ibere rya bigogwe,view,2024-06-25T15:34:21
608b833c-4a0c-4f9c-b45b-ae7abc912fcb,Amashyuza hot springs,view,2024-02-07T11:37:14
608b833c-4a0c-4f9c-b45b-ae7abc912fcb,Rusumo waterfalls,view,2024-02-25T05:07:30
d8f2a8a8-82f5-45ac-ba29-21986813cbc9,Rusumo waterfalls,view,2024-03-07T03:53:01
d8f2a8a8-82f5-45ac-ba29-21986813cbc9,Cathedral,view,2024-04-20T11:01:39
d8f2a8a8-82f5-45ac-ba29-21986813cbc9,Kigali Convetion center,view,2024-01-09T03:17:50
d8f2a8a8-82f5-45ac-ba29-21986813cbc9,Ethnographic Museum,view,2024-07-03T15:51:36
d8f2a8a8-82f5-45ac-ba29-21986813cbc9,Fazendha,view,2024-02-11T15:11:07
d8f2a8a8-82f5-45ac-ba29-21986813cbc9,Hiking Mt Bisoke,view,2024-03-01T10:15:42
d8f2a8a8-82f5-45ac-ba29-21986813cbc9,Ibere rya bigogwe,view,2024-05-12T00:12:04
d8f2a8a8-82f5-45ac-ba29-21986813cbc9,Ethnographic Museum,view,2024-06-17T11:54:52
d8f2a8a8-82f5-45ac-ba29-21986813cbc9,King's Palace,view,2024-05-15T10:38:15
d8f2a8a8-82f5-45ac-ba29-21986813cbc9,Kibeho,view,2024-03-11T09:37:38
376ca6a7-3345-49bb-b735-802ac8e52907,Karisoke Research Center - Dian Fossey Camp,view,2024-05-25T19:44:40
376ca6a7-3345-49bb-b735-802ac8e52907,Fazendha,view,2024-05-24T06:26:21
376ca6a7-3345-49bb-b735-802ac8e52907,Royal balloon,view,2024-06-04T15:49:53
376ca6a7-3345-49bb-b735-802ac8e52907,Akagera NP,view,2024-03-13T00:19:55
376ca6a7-3345-49bb-b735-802ac8e52907,Amahoro Stadium,view,2024-03-14T06:44:41
376ca6a7-3345-49bb-b735-802ac8e52907,Ethnographic Museum,view,2024-02-10T09:31:28
376ca6a7-3345-49bb-b735-802ac8e52907,Hiking Mt Bisoke,view,2024-02-18T09:39:38
376ca6a7-3345-49bb-b735-802ac8e52907,Amahoro Stadium,view,2024-03-28T23:12:36
376ca6a7-3345-49bb-b735-802ac8e52907,Rusumo waterfalls,view,2024-03-23T06:42:57
376ca6a7-3345-49bb-b735-802ac8e52907,BK Arena,view,2024-02-15T09:16:49
c60b0ea7-64a9-4773-abad-ffb87df96adc,Cricket - Gahanga,view,2024-07-15T09:28:08
c60b0ea7-64a9-4773-abad-ffb87df96adc,Kigali Memorial Site,view,2024-01-25T15:37:48
c60b0ea7-64a9-4773-abad-ffb87df96adc,Parliament,view,2024-05-28T21:55:49
c60b0ea7-64a9-4773-abad-ffb87df96adc,Amahoro Stadium,view,2024-03-25T21:52:32
c60b0ea7-64a9-4773-abad-ffb87df96adc,Amashyuza hot springs,view,2024-06-15T01:54:07
c60b0ea7-64a9-4773-abad-ffb87df96adc,Kibeho,view,2024-05-08T14:27:30
c60b0ea7-64a9-4773-abad-ffb87df96adc,Imigongo art centre,view,2024-01-07T22:46:18
c60b0ea7-64a9-4773-abad-ffb87df96adc,Akagera NP,view,2024-04-26T17:24:53
c60b0ea7-64a9-4773-abad-ffb87df96adc,Fazendha,view,2024-03-18T23:33:37
c60b0ea7-64a9-4773-abad-ffb87df96adc,Lake Kivu,view,2024-02-02T09:33:44
bd556cdf-a1d8-4417-9875-2a2621959e08,Twin Lakes,view,2024-06-26T23:55:41
bd556cdf-a1d8-4417-9875-2a2621959e08,King's Palace,view,2024-01-04T15:54:25
bd556cdf-a1d8-4417-9875-2a2621959e08,Gishwati,view,2024-03-21T19:04:49
bd556cdf-a1d8-4417-9875-2a2621959e08,BK Arena,view,2024-05-11T02:22:50
bd556cdf-a1d8-4417-9875-2a2621959e08,Kitabi eco center,view,2024-06-27T17:47:25
bd556cdf-a1d8-4417-9875-2a2621959e08,Kitabi eco center,view,2024-03-08T06:21:27
bd556cdf-a1d8-4417-9875-2a2621959e08,Underground caves,view,2024-01-11T16:29:11
bd556cdf-a1d8-4417-9875-2a2621959e08,Amashyuza hot springs,view,2024-05-18T22:32:43
bd556cdf-a1d8-4417-9875-2a2621959e08,Underground caves,view,2024-02-12T02:15:50
bd556cdf-a1d8-4417-9875-2a2621959e08,Amahoro Stadium,view,2024-04-14T05:30:55
b0e25da5-0c08-40cf-aee0-9310b4777a6f,Cricket - Gahanga,view,2024-04-09T13:06:30
b0e25da5-0c08-40cf-aee0-9310b4777a6f,King's Palace,view,2024-06-05T20:08:48
b0e25da5-0c08-40cf-aee0-9310b4777a6f,Kitabi eco center,view,2024-01-18T21:35:16
b0e25da5-0c08-40cf-aee0-9310b4777a6f,Kigali Memorial Site,view,2024-01-28T05:47:36
b0e25da5-0c08-40cf-aee0-9310b4777a6f,Akagera NP,view,2024-04-16T12:02:18
b0e25da5-0c08-40cf-aee0-9310b4777a6f,Imigongo art centre,view,2024-02-09T17:45:37
b0e25da5-0c08-40cf-aee0-9310b4777a6f,Akagera NP,view,2024-05-27T06:19:37
b0e25da5-0c08-40cf-aee0-9310b4777a6f,Nyandungu park,view,2024-06-20T06:34:21
b0e25da5-0c08-40cf-aee0-9310b4777a6f,Akagera NP,view,2024-01-06T09:37:52
b0e25da5-0c08-40cf-aee0-9310b4777a6f,Twin Lakes,view,2024-02-04T09:00:26
591a9ab1-7498-47e6-be8d-a3ab7d78ce59,Amahoro Stadium,view,2024-01-23T05:30:21
591a9ab1-7498-47e6-be8d-a3ab7d78ce59,Kigali Convetion center,view,2024-06-04T17:24:29
591a9ab1-7498-47e6-be8d-a3ab7d78ce59,Rusumo waterfalls,view,2024-05-02T09:21:22
591a9ab1-7498-47e6-be8d-a3ab7d78ce59,Kitabi eco center,view,2024-06-06T15:35:55
591a9ab1-7498-47e6-be8d-a3ab7d78ce59,Ibere rya bigogwe,view,2024-03-01T02:10:12
591a9ab1-7498-47e6-be8d-a3ab7d78ce59,Lake Kivu,view,2024-05-13T10:21:49
591a9ab1-7498-47e6-be8d-a3ab7d78ce59,Parliament,view,2024-03-20T05:42:16
591a9ab1-7498-47e6-be8d-a3ab7d78ce59,Nyungwe NP,view,2024-05-02T15:14:06
591a9ab1-7498-47e6-be8d-a3ab7d78ce59,Amahoro Stadium,view,2024-04-16T09:57:33
591a9ab1-7498-47e6-be8d-a3ab7d78ce59,Imigongo art centre,view,2024-05-18T09:25:54
99675417-70cd-4fe1-90bf-57c033de03e0,Nyandungu park,view,2024-05-18T06:31:18
99675417-70cd-4fe1-90bf-57c033de03e0,Lake Kivu,view,2024-02-29T10:25:02
99675417-70cd-4fe1-90bf-57c033de03e0,Cricket - Gahanga,view,2024-02-14T11:10:05
99675417-70cd-4fe1-90bf-57c033de03e0,Rusumo waterfalls,view,2024-01-29T10:12:03
99675417-70cd-4fe1-90bf-57c033de03e0,Lake Kivu,view,2024-03-23T06:26:07
99675417-70cd-4fe1-90bf-57c033de03e0,Ethnographic Museum,view,2024-01-26T18:58:22
99675417-70cd-4fe1-90bf-57c033de03e0,Ibere rya bigogwe,view,2024-06-17T07:18:57
99675417-70cd-4fe1-90bf-57c033de03e0,Nyungwe NP,view,2024-01-08T19:34:47
99675417-70cd-4fe1-90bf-57c033de03e0,Kibeho,view,2024-05-04T10:20:45
99675417-70cd-4fe1-90bf-57c033de03e0,Karisoke Research Center - Dian Fossey Camp,view,2024-02-20T18:50:48
c1c000ae-c2ce-468c-a90d-47bf01271029,Akagera NP,view,2024-01-01T02:35:04
c1c000ae-c2ce-468c-a90d-47bf01271029,Lake Kivu,view,2024-01-22T01:59:51
c1c000ae-c2ce-468c-a90d-47bf01271029,Kibeho,view,2024-05-17T03:50:45
c1c000ae-c2ce-468c-a90d-47bf01271029,Royal balloon,view,2024-04-06T12:58:01
c1c000ae-c2ce-468c-a90d-47bf01271029,Cathedral,view,2024-06-16T09:12:18
c1c000ae-c2ce-468c-a90d-47bf01271029,Ibere rya bigogwe,view,2024-03-23T15:02:06
c1c000ae-c2ce-468c-a90d-47bf01271029,Twin Lakes,view,2024-04-07T18:45:41
c1c000ae-c2ce-468c-a90d-47bf01271029,Royal balloon,view,2024-05-16T21:36:25
c1c000ae-c2ce-468c-a90d-47bf01271029,Nyungwe NP,view,2024-05-08T03:20:18
c1c000ae-c2ce-468c-a90d-47bf01271029,Lake Kivu,view,2024-01-10T04:04:07
0d6135cf-fa03-4e25-bb60-3fb0dc06bf6a,Kigali Convetion center,view,2024-06-11T15:18:29
0d6135cf-fa03-4e25-bb60-3fb0dc06bf6a,Cathedral,view,2024-04-19T16:47:16
0d6135cf-fa03-4e25-bb60-3fb0dc06bf6a,Imigongo art centre,view,2024-04-03T00:36:55
0d6135cf-fa03-4e25-bb60-3fb0dc06bf6a,Amashyuza hot springs,view,2024-03-02T01:04:43
0d6135cf-fa03-4e25-bb60-3fb0dc06bf6a,Lake Kivu,view,2024-05-22T18:55:51
0d6135cf-fa03-4e25-bb60-3fb0dc06bf6a,Volcanoes NP (Gorilla trekking),view,2024-04-17T22:00:21
0d6135cf-fa03-4e25-bb60-3fb0dc06bf6a,Akagera NP,view,2024-02-10T06:46:11
0d6135cf-fa03-4e25-bb60-3fb0dc06bf6a,Amahoro Stadium,view,2024-05-21T14:37:10
0d6135cf-fa03-4e25-bb60-3fb0dc06bf6a,Royal balloon,view,2024-05-18T13:04:38
0d6135cf-fa03-4e25-bb60-3fb0dc06bf6a,King's Palace,view,2024-03-16T20:28:53
5b85ba1a-110f-4987-a209-b2c329c54e65,Volcanoes NP (Gorilla trekking),view,2024-01-01T22:06:00
5b85ba1a-110f-4987-a209-b2c329c54e65,Akagera NP,view,2024-06-08T12:31:13
5b85ba1a-110f-4987-a209-b2c329c54e65,Akagera NP,view,2024-06-07T08:38:12
5b85ba1a-110f-4987-a209-b2c329c54e65,Ibere rya bigogwe,view,2024-06-16T04:43:49
5b85ba1a-110f-4987-a209-b2c329c54e65,Amashyuza hot springs,view,2024-01-28T12:20:02
5b85ba1a-110f-4987-a209-b2c329c54e65,King's Palace,view,2024-05-06T17:19:16
5b85ba1a-110f-4987-a209-b2c329c54e65,Amahoro Stadium,view,2024-03-29T06:31:41
5b85ba1a-110f-4987-a209-b2c329c54e65,Volcanoes NP (Gorilla trekking),view,2024-02-01T14:28:44
5b85ba1a-110f-4987-a209-b2c329c54e65,Lake Kivu,view,2024-04-20T12:21:43
5b85ba1a-110f-4987-a209-b2c329c54e65,Fazendha,view,2024-01-27T15:49:36
376e847e-17db-4392-a9df-b89555aeab12,Kitabi eco center,view,2024-02-18T03:04:49
376e847e-17db-4392-a9df-b89555aeab12,Hiking Mt Bisoke,view,2024-05-05T23:04:05
376e847e-17db-4392-a9df-b89555aeab12,Amahoro Stadium,view,2024-02-14T07:50:27
376e847e-17db-4392-a9df-b89555aeab12,Volcanoes NP (Gorilla trekking),view,2024-03-08T13:20:58
376e847e-17db-4392-a9df-b89555aeab12,Karisoke Research Center - Dian Fossey Camp,view,2024-01-07T21:09:14
376e847e-17db-4392-a9df-b89555aeab12,Karisoke Research Center - Dian Fossey Camp,view,2024-03-15T02:46:14
376e847e-17db-4392-a9df-b89555aeab12,Nyungwe NP,view,2024-03-01T08:22:16
376e847e-17db-4392-a9df-b89555aeab12,Fazendha,view,2024-06-20T19:02:26
376e847e-17db-4392-a9df-b89555aeab12,Cricket - Gahanga,view,2024-01-07T21:28:50
376e847e-17db-4392-a9df-b89555aeab12,Cricket - Gahanga,view,2024-04-18T01:26:23
aba9b2c4-8643-434b-acb2-d026fff3ecfd,Amahoro Stadium,view,2024-06-28T13:02:31
aba9b2c4-8643-434b-acb2-d026fff3ecfd,Underground caves,view,2024-03-09T10:20:32
aba9b2c4-8643-434b-acb2-d026fff3ecfd,Kitabi eco center,view,2024-02-25T13:49:01
aba9b2c4-8643-434b-acb2-d026fff3ecfd,Cricket - Gahanga,view,2024-05-15T15:26:56
aba9b2c4-8643-434b-acb2-d026fff3ecfd,Kitabi eco center,view,2024-01-12T02:53:46
aba9b2c4-8643-434b-acb2-d026fff3ecfd,BK Arena,view,2024-07-12T14:55:37
aba9b2c4-8643-434b-acb2-d026fff3ecfd,Fazendha,view,2024-01-06T23:48:38
aba9b2c4-8643-434b-acb2-d026fff3ecfd,Twin Lakes,view,2024-01-01T23:21:01
aba9b2c4-8643-434b-acb2-d026fff3ecfd,Twin Lakes,view,2024-06-24T20:07:48
aba9b2c4-8643-434b-acb2-d026fff3ecfd,Karisoke Research Center - Dian Fossey Camp,view,2024-05-08T11:58:25
19f954ec-f472-4866-8472-8dfe773022e9,Nyungwe NP,view,2024-05-20T06:50:33
19f954ec-f472-4866-8472-8dfe773022e9,Lake Kivu,view,2024-07-15T13:08:16
19f954ec-f472-4866-8472-8dfe773022e9,Twin Lakes,view,2024-06-20T04:24:25
19f954ec-f472-4866-8472-8dfe773022e9,Parliament,view,2024-01-18T16:28:39
19f954ec-f472-4866-8472-8dfe773022e9,BK Arena,view,2024-02-04T17:46:35
19f954ec-f472-4866-8472-8dfe773022e9,Royal balloon,view,2024-05-18T21:59:04
19f954ec-f472-4866-8472-8dfe773022e9,Twin Lakes,view,2024-02-12T06:28:13
19f954ec-f472-4866-8472-8dfe773022e9,Underground caves,view,2024-05-20T21:38:54
19f954ec-f472-4866-8472-8dfe773022e9,Akagera NP,view,2024-02-22T11:22:30
19f954ec-f472-4866-8472-8dfe773022e9,Gishwati,view,2024-02-27T13:57:34
0850459c-7ec4-41b0-8e5b-e40cdbc23ef9,Kitabi eco center,view,2024-02-05T22:30:30
0850459c-7ec4-41b0-8e5b-e40cdbc23ef9,Kigali Memorial Site,view,2024-07-09T14:42:54
0850459c-7ec4-41b0-8e5b-e40cdbc23ef9,Imigongo art centre,view,2024-05-22T19:47:33
0850459c-7ec4-41b0-8e5b-e40cdbc23ef9,Akagera NP,view,2024-04-09T04:56:58
0850459c-7ec4-41b0-8e5b-e40cdbc23ef9,Gishwati,view,2024-04-24T18:05:13
0850459c-7ec4-41b0-8e5b-e40cdbc23ef9,Underground caves,view,2024-03-30T16:49:00
0850459c-7ec4-41b0-8e5b-e40cdbc23ef9,Amashyuza hot springs,view,2024-06-14T10:41:52
0850459c-7ec4-41b0-8e5b-e40cdbc23ef9,Kigali Memorial Site,view,2024-05-07T03:58:15
0850459c-7ec4-41b0-8e5b-e40cdbc23ef9,Ellen DeGeneres Campus of the Dian Fossey Gorilla Fund,view,2024-02-07T06:13:37
0850459c-7ec4-41b0-8e5b-e40cdbc23ef9,Hiking Mt Bisoke,view,2024-04-17T12:10:20
724549d0-7aa7-43cc-9acf-f13082fcd771,Akagera NP,view,2024-07-15T20:20:55
724549d0-7aa7-43cc-9acf-f13082fcd771,Underground caves,view,2024-05-05T12:56:39
724549d0-7aa7-43cc-9acf-f13082fcd771,Imigongo art centre,view,2024-03-05T03:34:46
724549d0-7aa7-43cc-9acf-f13082fcd771,Royal balloon,view,2024-07-02T09:40:15
724549d0-7aa7-43cc-9acf-f13082fcd771,Twin Lakes,view,2024-03-11T02:51:47
724549d0-7aa7-43cc-9acf-f13082fcd771,Nyungwe NP,view,2024-01-03T19:59:52
724549d0-7aa7-43cc-9acf-f13082fcd771,Cathedral,view,2024-02-14T18:20:48
724549d0-7aa7-43cc-9acf-f13082fcd771,Cathedral,view,2024-03-06T16:38:29
724549d0-7aa7-43cc-9acf-f13082fcd771,Nyungwe NP,view,2024-01-21T17:24:45
724549d0-7aa7-43cc-9acf-f13082fcd771,Rusumo waterfalls,view,2024-06-08T13:27:37
4b390ad7-421e-4082-b3b0-e57d479c076d,Kibeho,view,2024-04-16T22:23:53
4b390ad7-421e-4082-b3b0-e57d479c076d,Amahoro Stadium,view,2024-01-25T14:47:19
4b390ad7-421e-4082-b3b0-e57d479c076d,Amashyuza hot springs,view,2024-02-10T01:01:13
4b390ad7-421e-4082-b3b0-e57d479c076d,Amahoro Stadium,view,2024-03-10T13:16:03
4b390ad7-421e-4082-b3b0-e57d479c076d,Volcanoes NP (Gorilla trekking),view,2024-07-07T19:36:50
4b390ad7-421e-4082-b3b0-e57d479c076d,Twin Lakes,view,2024-03-30T11:16:42
4b390ad7-421e-4082-b3b0-e57d479c076d,Amashyuza hot springs,view,2024-01-28T18:53:07
4b390ad7-421e-4082-b3b0-e57d479c076d,Kigali Memorial Site,view,2024-07-01T01:18:36
4b390ad7-421e-4082-b3b0-e57d479c076d,Underground caves,view,2024-05-29T18:08:32
4b390ad7-421e-4082-b3b0-e57d479c076d,Karisoke Research Center - Dian Fossey Camp,view,2024-04-20T01:09:11
9045e5de-5a21-4a38-b3a6-f3eb0894e3ba,Ethnographic Museum,view,2024-05-05T13:07:35
9045e5de-5a21-4a38-b3a6-f3eb0894e3ba,Ethnographic Museum,view,2024-01-13T21:02:36
9045e5de-5a21-4a38-b3a6-f3eb0894e3ba,Rusumo waterfalls,view,2024-03-30T03:19:34
9045e5de-5a21-4a38-b3a6-f3eb0894e3ba,Underground caves,view,2024-01-23T18:06:09
9045e5de-5a21-4a38-b3a6-f3eb0894e3ba,Cathedral,view,2024-02-26T05:12:16
9045e5de-5a21-4a38-b3a6-f3eb0894e3ba,Kigali Convetion center,view,2024-05-23T21:26:17
9045e5de-5a21-4a38-b3a6-f3eb0894e3ba,Royal balloon,view,2024-06-16T21:45:10
9045e5de-5a21-4a38-b3a6-f3eb0894e3ba,Lake Kivu,view,2024-06-14T00:41:23
9045e5de-5a21-4a38-b3a6-f3eb0894e3ba,Cricket - Gahanga,view,2024-01-12T11:08:54
9045e5de-5a21-4a38-b3a6-f3eb0894e3ba,Kibeho,view,2024-05-02T09:33:51
d31195cb-9015-4a00-b06c-e88440ba1c26,Nyungwe NP,view,2024-02-08T21:47:56
d31195cb-9015-4a00-b06c-e88440ba1c26,Kigali Memorial Site,view,2024-07-14T12:35:40
d31195cb-9015-4a00-b06c-e88440ba1c26,Underground caves,view,2024-06-02T08:03:45
d31195cb-9015-4a00-b06c-e88440ba1c26,Gishwati,view,2024-01-11T08:20:20
d31195cb-9015-4a00-b06c-e88440ba1c26,Gishwati,view,2024-01-01T13:10:46
d31195cb-9015-4a00-b06c-e88440ba1c26,Ethnographic Museum,view,2024-03-29T12:24:20
d31195cb-9015-4a00-b06c-e88440ba1c26,Kigali Memorial Site,view,2024-07-14T20:37:40
d31195cb-9015-4a00-b06c-e88440ba1c26,Fazendha,view,2024-02-02T04:15:41
d31195cb-9015-4a00-b06c-e88440ba1c26,King's Palace,view,2024-01-08T19:26:10
d31195cb-9015-4a00-b06c-e88440ba1c26,Twin Lakes,view,2024-05-15T12:40:12
a4137dc7-896c-4729-a0d2-7ae1abcc27ec,Cricket - Gahanga,view,2024-06-20T07:27:42
a4137dc7-896c-4729-a0d2-7ae1abcc27ec,Imigongo art centre,view,2024-05-30T02:45:52
a4137dc7-896c-4729-a0d2-7ae1abcc27ec,Lake Kivu,view,2024-02-18T07:52:05
a4137dc7-896c-4729-a0d2-7ae1abcc27ec,Kigali Convetion center,view,2024-06-06T15:51:19
a4137dc7-896c-4729-a0d2-7ae1abcc27ec,Parliament,view,2024-01-11T16:28:25
a4137dc7-896c-4729-a0d2-7ae1abcc27ec,Volcanoes NP (Gorilla trekking),view,2024-03-02T07:51:01
a4137dc7-896c-4729-a0d2-7ae1abcc27ec,Underground caves,view,2024-04-25T17:55:29
a4137dc7-896c-4729-a0d2-7ae1abcc27ec,Karisoke Research Center - Dian Fossey Camp,view,2024-03-14T04:08:05
a4137dc7-896c-4729-a0d2-7ae1abcc27ec,BK Arena,view,2024-01-15T21:49:49
a4137dc7-896c-4729-a0d2-7ae1abcc27ec,Lake Kivu,view,2024-03-25T20:29:16
b4f4227b-0a1f-4a1f-beb5-ad72810db642,Karisoke Research Center - Dian Fossey Camp,view,2024-05-20T22:20:05
b4f4227b-0a1f-4a1f-beb5-ad72810db642,Karisoke Research Center - Dian Fossey Camp,view,2024-03-09T06:47:01
b4f4227b-0a1f-4a1f-beb5-ad72810db642,Akagera NP,view,2024-06-10T20:57:29
b4f4227b-0a1f-4a1f-beb5-ad72810db642,Underground caves,view,2024-03-13T10:35:28
b4f4227b-0a1f-4a1f-beb5-ad72810db642,Volcanoes NP (Gorilla trekking),view,2024-05-29T07:33:09
b4f4227b-0a1f-4a1f-beb5-ad72810db642,Akagera NP,view,2024-07-14T09:03:57
b4f4227b-0a1f-4a1f-beb5-ad72810db642,Royal balloon,view,2024-05-12T22:38:41
b4f4227b-0a1f-4a1f-beb5-ad72810db642,Twin Lakes,view,2024-02-05T09:36:48
b4f4227b-0a1f-4a1f-beb5-ad72810db642,Volcanoes NP (Gorilla trekking),view,2024-02-22T20:43:08
b4f4227b-0a1f-4a1f-beb5-ad72810db642,Royal balloon,view,2024-01-09T06:11:19
6fe24fd4-6d48-48c0-b04c-d47fd8adb5d8,Fazendha,view,2024-01-08T03:15:03
6fe24fd4-6d48-48c0-b04c-d47fd8adb5d8,Amashyuza hot springs,view,2024-07-02T01:12:32
6fe24fd4-6d48-48c0-b04c-d47fd8adb5d8,Kigali Memorial Site,view,2024-06-25T19:39:12
6fe24fd4-6d48-48c0-b04c-d47fd8adb5d8,Cathedral,view,2024-04-18T17:38:45
6fe24fd4-6d48-48c0-b04c-d47fd8adb5d8,Nyungwe NP,view,2024-02-20T09:22:09
6fe24fd4-6d48-48c0-b04c-d47fd8adb5d8,Parliament,view,2024-04-09T00:17:08
6fe24fd4-6d48-48c0-b04c-d47fd8adb5d8,Ellen DeGeneres Campus of the Dian Fossey Gorilla Fund,view,2024-05-27T05:57:18
6fe24fd4-6d48-48c0-b04c-d47fd8adb5d8,Amahoro Stadium,view,2024-02-20T06:22:59
6fe24fd4-6d48-48c0-b04c-d47fd8adb5d8,King's Palace,view,2024-02-15T00:39:22
6fe24fd4-6d48-48c0-b04c-d47fd8adb5d8,Fazendha,view,2024-05-13T16:39:43
3e510f81-4c74-4d9c-b2c2-f6f60b21c461,Akagera NP,view,2024-05-12T04:03:13
3e510f81-4c74-4d9c-b2c2-f6f60b21c461,King's Palace,view,2024-03-07T19:25:19
3e510f81-4c74-4d9c-b2c2-f6f60b21c461,Parliament,view,2024-01-24T11:13:35
3e510f81-4c74-4d9c-b2c2-f6f60b21c461,Akagera NP,view,2024-04-08T21:29:17
3e510f81-4c74-4d9c-b2c2-f6f60b21c461,Kigali Memorial Site,view,2024-06-18T21:35:02
3e510f81-4c74-4d9c-b2c2-f6f60b21c461,Amahoro Stadium,view,2024-05-04T11:01:07
3e510f81-4c74-4d9c-b2c2-f6f60b21c461,BK Arena,view,2024-05-11T15:40:14
3e510f81-4c74-4d9c-b2c2-f6f60b21c461,Royal balloon,view,2024-03-22T09:49:05
3e510f81-4c74-4d9c-b2c2-f6f60b21c461,Kigali Memorial Site,view,2024-03-03T19:19:01
3e510f81-4c74-4d9c-b2c2-f6f60b21c461,Kibeho,view,2024-02-04T13:32:56
93966d85-3d04-42a1-b336-2cd260753b91,Cricket - Gahanga,view,2024-03-17T11:25:08
93966d85-3d04-42a1-b336-2cd260753b91,Amahoro Stadium,view,2024-02-03T20:35:36
93966d85-3d04-42a1-b336-2cd260753b91,Cricket - Gahanga,view,2024-04-20T02:26:20
93966d85-3d04-42a1-b336-2cd260753b91,Amashyuza hot springs,view,2024-03-05T11:46:00
93966d85-3d04-42a1-b336-2cd260753b91,Ethnographic Museum,view,2024-06-13T16:10:23
93966d85-3d04-42a1-b336-2cd260753b91,Nyandungu park,view,2024-05-17T02:43:19
93966d85-3d04-42a1-b336-2cd260753b91,Gishwati,view,2024-02-15T03:13:39
93966d85-3d04-42a1-b336-2cd260753b91,BK Arena,view,2024-06-10T21:22:58
93966d85-3d04-42a1-b336-2cd260753b91,Lake Kivu,view,2024-02-10T04:10:35
93966d85-3d04-42a1-b336-2cd260753b91,Kitabi eco center,view,2024-05-04T03:40:20
ebcb5067-3014-4bf3-87e4-0db701b3bee6,Volcanoes NP (Gorilla trekking),view,2024-07-05T07:01:07
ebcb5067-3014-4bf3-87e4-0db701b3bee6,Akagera NP,view,2024-06-21T21:55:45
ebcb5067-3014-4bf3-87e4-0db701b3bee6,Ellen DeGeneres Campus of the Dian Fossey Gorilla Fund,view,2024-05-04T06:05:29
ebcb5067-3014-4bf3-87e4-0db701b3bee6,Kigali Convetion center,view,2024-02-20T13:10:42
ebcb5067-3014-4bf3-87e4-0db701b3bee6,Kibeho,view,2024-04-24T17:32:29
ebcb5067-3014-4bf3-87e4-0db701b3bee6,Kibeho,view,2024-05-07T09:50:32
ebcb5067-3014-4bf3-87e4-0db701b3bee6,Cathedral,view,2024-06-06T19:16:52
ebcb5067-3014-4bf3-87e4-0db701b3bee6,Kitabi eco center,view,2024-03-12T17:16:16
ebcb5067-3014-4bf3-87e4-0db701b3bee6,Nyandungu park,view,2024-04-23T23:47:05
ebcb5067-3014-4bf3-87e4-0db701b3bee6,Akagera NP,view,2024-05-18T07:13:56
43fd702c-6fc0-4d79-ab4c-de44bf27b2e3,Royal balloon,view,2024-01-01T01:05:02
43fd702c-6fc0-4d79-ab4c-de44bf27b2e3,Kigali Convetion center,view,2024-04-30T15:03:55
43fd702c-6fc0-4d79-ab4c-de44bf27b2e3,Hiking Mt Bisoke,view,2024-06-19T07:51:19
43fd702c-6fc0-4d79-ab4c-de44bf27b2e3,Nyandungu park,view,2024-01-31T11:45:17
43fd702c-6fc0-4d79-ab4c-de44bf27b2e3,Gishwati,view,2024-07-09T03:14:06
43fd702c-6fc0-4d79-ab4c-de44bf27b2e3,Kigali Memorial Site,view,2024-04-11T16:14:49
43fd702c-6fc0-4d79-ab4c-de44bf27b2e3,Hiking Mt Bisoke,view,2024-06-17T18:35:27
43fd702c-6fc0-4d79-ab4c-de44bf27b2e3,Gishwati,view,2024-01-19T18:59:43
43fd702c-6fc0-4d79-ab4c-de44bf27b2e3,Ethnographic Museum,view,2024-03-13T07:57:48
43fd702c-6fc0-4d79-ab4c-de44bf27b2e3,Underground caves,view,2024-04-02T07:38:04
a4a16ee9-03f3-4c09-981a-269ddfa593d1,Underground caves,view,2024-02-21T23:59:06
a4a16ee9-03f3-4c09-981a-269ddfa593d1,Kitabi eco center,view,2024-04-26T04:23:03
a4a16ee9-03f3-4c09-981a-269ddfa593d1,BK Arena,view,2024-02-16T20:55:47
a4a16ee9-03f3-4c09-981a-269ddfa593d1,Fazendha,view,2024-04-26T07:03:08
a4a16ee9-03f3-4c09-981a-269ddfa593d1,Gishwati,view,2024-03-21T17:24:27
a4a16ee9-03f3-4c09-981a-269ddfa593d1,Kitabi eco center,view,2024-01-10T00:15:54
a4a16ee9-03f3-4c09-981a-269ddfa593d1,Royal balloon,view,2024-04-18T02:31:46
a4a16ee9-03f3-4c09-981a-269ddfa593d1,King's Palace,view,2024-06-05T19:33:47
a4a16ee9-03f3-4c09-981a-269ddfa593d1,Amahoro Stadium,view,2024-05-02T15:50:59
a4a16ee9-03f3-4c09-981a-269ddfa593d1,Nyandungu park,view,2024-04-01T23:30:05
57b869f3-3e75-4f73-9486-89eb803bfd38,Kitabi eco center,view,2024-05-24T20:23:08
57b869f3-3e75-4f73-9486-89eb803bfd38,Akagera NP,view,2024-03-04T02:30:55
57b869f3-3e75-4f73-9486-89eb803bfd38,Hiking Mt Bisoke,view,2024-04-10T10:34:58
57b869f3-3e75-4f73-9486-89eb803bfd38,Imigongo art centre,view,2024-02-12T03:58:40
57b869f3-3e75-4f73-9486-89eb803bfd38,Ethnographic Museum,view,2024-02-08T09:28:07
57b869f3-3e75-4f73-9486-89eb803bfd38,Kibeho,view,2024-05-24T19:51:32
57b869f3-3e75-4f73-9486-89eb803bfd38,Rusumo waterfalls,view,2024-05-23T08:44:30
57b869f3-3e75-4f73-9486-89eb803bfd38,Nyandungu park,view,2024-06-17T23:58:33
57b869f3-3e75-4f73-9486-89eb803bfd38,Rusumo waterfalls,view,2024-06-20T06:25:52
57b869f3-3e75-4f73-9486-89eb803bfd38,Gishwati,view,2024-02-18T06:40:14
53a54554-9720-4e5c-a813-4a0c8c702bdb,Rusumo waterfalls,view,2024-01-25T10:31:14
53a54554-9720-4e5c-a813-4a0c8c702bdb,Parliament,view,2024-04-16T15:02:51
53a54554-9720-4e5c-a813-4a0c8c702bdb,Ellen DeGeneres Campus of the Dian Fossey Gorilla Fund,view,2024-07-02T12:35:50
53a54554-9720-4e5c-a813-4a0c8c702bdb,Nyungwe NP,view,2024-05-22T22:37:31
53a54554-9720-4e5c-a813-4a0c8c702bdb,Twin Lakes,view,2024-04-23T22:49:42
53a54554-9720-4e5c-a813-4a0c8c702bdb,Ethnographic Museum,view,2024-05-13T20:12:32
53a54554-9720-4e5c-a813-4a0c8c702bdb,Ellen DeGeneres Campus of the Dian Fossey Gorilla Fund,view,2024-01-14T16:55:30
53a54554-9720-4e5c-a813-4a0c8c702bdb,Fazendha,view,2024-02-10T19:47:06
53a54554-9720-4e5c-a813-4a0c8c702bdb,Ibere rya bigogwe,view,2024-06-08T13:26:14
53a54554-9720-4e5c-a813-4a0c8c702bdb,King's Palace,view,2024-04-17T16:45:21
4c996a8c-64ef-4f3a-bf02-b9d9790e4ff6,Karisoke Research Center - Dian Fossey Camp,view,2024-04-07T09:20:21
4c996a8c-64ef-4f3a-bf02-b9d9790e4ff6,Kigali Memorial Site,view,2024-03-29T05:35:56
4c996a8c-64ef-4f3a-bf02-b9d9790e4ff6,Imigongo art centre,view,2024-01-01T21:27:36
4c996a8c-64ef-4f3a-bf02-b9d9790e4ff6,Twin Lakes,view,2024-04-18T08:06:14
4c996a8c-64ef-4f3a-bf02-b9d9790e4ff6,Royal balloon,view,2024-06-14T04:03:09
4c996a8c-64ef-4f3a-bf02-b9d9790e4ff6,Amashyuza hot springs,view,2024-04-24T14:45:34
4c996a8c-64ef-4f3a-bf02-b9d9790e4ff6,Nyandungu park,view,2024-01-03T05:42:33
4c996a8c-64ef-4f3a-bf02-b9d9790e4ff6,Twin Lakes,view,2024-05-19T19:22:26
4c996a8c-64ef-4f3a-bf02-b9d9790e4ff6,Ellen DeGeneres Campus of the Dian Fossey Gorilla Fund,view,2024-04-01T10:32:37
4c996a8c-64ef-4f3a-bf02-b9d9790e4ff6,King's Palace,view,2024-03-15T21:35:25
342470c9-8459-43a7-88aa-6dbdcc39d67e,Royal balloon,view,2024-05-02T07:16:16
342470c9-8459-43a7-88aa-6dbdcc39d67e,Lake Kivu,view,2024-02-01T21:26:30
342470c9-8459-43a7-88aa-6dbdcc39d67e,Kitabi eco center,view,2024-02-13T06:18:04
342470c9-8459-43a7-88aa-6dbdcc39d67e,Cricket - Gahanga,view,2024-06-20T15:09:57
342470c9-8459-43a7-88aa-6dbdcc39d67e,Twin Lakes,view,2024-02-26T22:45:19
342470c9-8459-43a7-88aa-6dbdcc39d67e,Kigali Convetion center,view,2024-01-07T22:39:15
342470c9-8459-43a7-88aa-6dbdcc39d67e,Cathedral,view,2024-03-10T18:27:31
342470c9-8459-43a7-88aa-6dbdcc39d67e,Ibere rya bigogwe,view,2024-06-15T01:42:36
342470c9-8459-43a7-88aa-6dbdcc39d67e,King's Palace,view,2024-02-04T23:30:12
342470c9-8459-43a7-88aa-6dbdcc39d67e,Volcanoes NP (Gorilla trekking),view,2024-05-28T07:30:59
